File,OldAssetId,OldPublicLinkId,OldDamId,OldPublicUrl,OldRelativeUrl,Sources,Bytes
203909377.jpg,109902,109904,HmpZSViQS_-7woSh6rJ4bw,https://starter-verticals-2.sitecoresandbox.cloud/api/public/content/23b905731caa495db3fab87bdf1ab699,23b905731caa495db3fab87bdf1ab699,registry|content,31300
204674235.jpg,109907,109909,ZDSl1NCUT0-rOQB_8pH17Q,https://starter-verticals-2.sitecoresandbox.cloud/api/public/content/83ead5c0364b4fae83af76ea3b80e3de,83ead5c0364b4fae83af76ea3b80e3de,registry|content,26344
205143297.jpg,109916,109918,YGKLj-kyQTuuHwl_sYWnhQ,https://starter-verticals-2.sitecoresandbox.cloud/api/public/content/44ab77f280d847f5b16a96e96b340d7f,44ab77f280d847f5b16a96e96b340d7f,registry|content,35640
205646270.jpg,109925,109928,XT6b34emTNCuy4eoYGN6QQ,https://starter-verticals-2.sitecoresandbox.cloud/api/public/content/93260cae8df64e018710d95a520e629d,93260cae8df64e018710d95a520e629d,registry|content,32936
207548070.jpg,109935,109940,_BdXYn2vS-alpjoAWJkKnQ,https://starter-verticals-2.sitecoresandbox.cloud/api/public/content/097cff3ac31b409e980c915078cb4fe4,097cff3ac31b409e980c915078cb4fe4,registry|content,30966
207694492.jpg,109945,109947,NPe_4nJCTrOeg7CL67wk8A,https://starter-verticals-2.sitecoresandbox.cloud/api/public/content/5ea2e14f09d44654baddafec08019ffd,5ea2e14f09d44654baddafec08019ffd,registry|content,28673
207927303.jpg,109960,109964,3agTuBqXT06Awxo9zNlofQ,https://starter-verticals-2.sitecoresandbox.cloud/api/public/content/1f460868ebb645469eac4c09e94cb839,1f460868ebb645469eac4c09e94cb839,registry|content,46219
208248497.jpg,109967,109974,wqHsoLVXRrOFE4GHl7-Irw,https://starter-verticals-2.sitecoresandbox.cloud/api/public/content/f325f075f91d49b9a3d252b37989e47c,f325f075f91d49b9a3d252b37989e47c,registry|content,29646
208249509.jpg,109979,109983,-imEMGt7TZ2kaN27LxurGA,https://starter-verticals-2.sitecoresandbox.cloud/api/public/content/03fe92a262ed4589846a1c79dbecdd66,03fe92a262ed4589846a1c79dbecdd66,registry|content,30387
208678546.jpg,109996,109998,321tcAQ5QvSj4t_badziKg,https://starter-verticals-2.sitecoresandbox.cloud/api/public/content/4fa703e948914d5b9c91620b0514cc45,4fa703e948914d5b9c91620b0514cc45,registry|content,37317
208678602.jpg,110004,110011,AkvOQicrT42_gwF7h8NNNA,https://starter-verticals-2.sitecoresandbox.cloud/api/public/content/87c67e5e6c0a4cb9941ea86541ff5245,87c67e5e6c0a4cb9941ea86541ff5245,registry|content,36854
208718129.jpg,110021,110023,sxniDDp7R9y2fHva31cayw,https://starter-verticals-2.sitecoresandbox.cloud/api/public/content/b203109864294022872411179ba613c8,b203109864294022872411179ba613c8,registry|content,26513
208718219.jpg,110032,110036,OlzdUEPMQQ619r_bYeMnlg,https://starter-verticals-2.sitecoresandbox.cloud/api/public/content/16745e7fe21f493cbd6bc12bf3d1f97c,16745e7fe21f493cbd6bc12bf3d1f97c,registry|content,28500
208850160.jpg,110053,110055,XMyES1X2StqKUOg3Ji4maw,https://starter-verticals-2.sitecoresandbox.cloud/api/public/content/e8f03c82f22b477f911abd49a923acf4,e8f03c82f22b477f911abd49a923acf4,registry|content,27513
208850795.jpg,110064,110066,QPZj1wpDQ8yyon4ip6qnRA,https://starter-verticals-2.sitecoresandbox.cloud/api/public/content/b60ef89de23a4e3eadec6905447cf839,b60ef89de23a4e3eadec6905447cf839,registry|content,39850
208851008.jpg,110071,110073,HDzZLpWYTx2VxotrQJa7yg,https://starter-verticals-2.sitecoresandbox.cloud/api/public/content/1c6e98cb61da41b5864f9a05294d291b,1c6e98cb61da41b5864f9a05294d291b,registry|content,29412
208921378.jpg,110086,110088,87LzBOZ0T8ai9J4tbuzJkA,https://starter-verticals-2.sitecoresandbox.cloud/api/public/content/205d92019e4f44cdbe3638e4e5460a1b,205d92019e4f44cdbe3638e4e5460a1b,registry|content,33020
209063964.jpg,110096,110102,tZprgCECTe6ZBysKyMrpwQ,https://starter-verticals-2.sitecoresandbox.cloud/api/public/content/00a0de7ce6f04af18128e310f066f10f,00a0de7ce6f04af18128e310f066f10f,registry|content,37575
209074504.jpg,110110,110112,mUhp6WNNQ52X6w7gD4ynbw,https://starter-verticals-2.sitecoresandbox.cloud/api/public/content/3e76565ee4c844528967d04d1c3e14db,3e76565ee4c844528967d04d1c3e14db,registry|content,38361
209095454.jpg,110118,110120,Q4fo6OlxSK6JYuvav_HKlA,https://starter-verticals-2.sitecoresandbox.cloud/api/public/content/9f240ef46f1245f89ab94609d10dfca8,9f240ef46f1245f89ab94609d10dfca8,registry|content,26115
209111433.jpg,110127,110131,_YoBnkJbTv2hz-VdgDTyYg,https://starter-verticals-2.sitecoresandbox.cloud/api/public/content/0deef12da1d942df9791e2574b084b55,0deef12da1d942df9791e2574b084b55,registry|content,27429
209111570.jpg,110142,110144,kWLZCPPxQiOAaKeDJnGftQ,https://starter-verticals-2.sitecoresandbox.cloud/api/public/content/16f62aa7927845d9924b9bb973f7feb5,16f62aa7927845d9924b9bb973f7feb5,registry|content,26261
209119795.jpg,110163,110167,PR3I8w76S-iT1_yH1WmodQ,https://starter-verticals-2.sitecoresandbox.cloud/api/public/content/428e55fc1bf84fd5bd6255c50cc7022a,428e55fc1bf84fd5bd6255c50cc7022a,registry|content,43123
209176276.jpg,110171,110175,N0znhSvaTvmut4QAIq8CQw,https://starter-verticals-2.sitecoresandbox.cloud/api/public/content/eac244e9490047aa935bfa76323e0757,eac244e9490047aa935bfa76323e0757,registry|content,29044
209176472.jpg,110187,110189,iK37mTVITLKCb_kPTOmasQ,https://starter-verticals-2.sitecoresandbox.cloud/api/public/content/ed6aa19d0de44b6dbd17b9ef6a6373f4,ed6aa19d0de44b6dbd17b9ef6a6373f4,registry|content,30665
209212013.jpg,110201,110205,lPl1ycSdSMy-_8iziSEGfg,https://starter-verticals-2.sitecoresandbox.cloud/api/public/content/23a052a2b8e345a98453bf7bff6183b9,23a052a2b8e345a98453bf7bff6183b9,registry|content,41972
209300640.jpg,110214,110216,ZmWa-GLWSFOjd0y8BWPuXA,https://starter-verticals-2.sitecoresandbox.cloud/api/public/content/d840b957ea0944a0b2b16f7bd9bbc9d8,d840b957ea0944a0b2b16f7bd9bbc9d8,registry|content,35841
209317652.jpg,110227,110229,PpDOhVNyQl2sQ22-Sc3M6w,https://starter-verticals-2.sitecoresandbox.cloud/api/public/content/ce1c34bd7a8b42a4beaa462e83702e92,ce1c34bd7a8b42a4beaa462e83702e92,registry|content,28088
209371630.jpg,110238,110241,v5I5ieBOTdOwB3YhyzcyNA,https://starter-verticals-2.sitecoresandbox.cloud/api/public/content/a43f2e834d8d46ac88dda5b2f21ceeef,a43f2e834d8d46ac88dda5b2f21ceeef,registry|content,33265
209422904.jpg,110252,110260,1lrhvApBRDi9_9REdLmAvA,https://starter-verticals-2.sitecoresandbox.cloud/api/public/content/c13db49824fb485882a49f6ab72bb32c,c13db49824fb485882a49f6ab72bb32c,registry|content,29542
209602432.jpg,110266,110269,mhOT0sgzTLeEw3ZgEZ06Uw,https://starter-verticals-2.sitecoresandbox.cloud/api/public/content/5d33bea8cea0468c8b2e28e5e5964697,5d33bea8cea0468c8b2e28e5e5964697,registry|content,32076
209642055.jpg,110281,110285,FyoyfAQ5RM60DehUJ5qQrw,https://starter-verticals-2.sitecoresandbox.cloud/api/public/content/38950abf274c4243a16238cb2a5a6a20,38950abf274c4243a16238cb2a5a6a20,registry|content,31045
209642058.jpg,110288,110290,TPzeZjSlSSej2rWmmlqBaA,https://starter-verticals-2.sitecoresandbox.cloud/api/public/content/fced386367ba4006b84d7f13e45fc259,fced386367ba4006b84d7f13e45fc259,registry|content,43158
209749063.jpg,110306,110308,lxQd3-iVQZKPlZYTcUxPjA,https://starter-verticals-2.sitecoresandbox.cloud/api/public/content/6127e9d0976947708e07f34c8a500b9f,6127e9d0976947708e07f34c8a500b9f,registry|content,36177
209896649.jpg,110313,110317,nOEBlWOWQ-OPHaOWPaF4Zw,https://starter-verticals-2.sitecoresandbox.cloud/api/public/content/792d3c6952e7487f9af37379c045127c,792d3c6952e7487f9af37379c045127c,registry|content,36733
209966269.jpg,110332,110336,35qe0AnKStGTzsTLvWdtEw,https://starter-verticals-2.sitecoresandbox.cloud/api/public/content/32c6a90089754bd5901b961f2c162da3,32c6a90089754bd5901b961f2c162da3,registry|content,29969
209993457.jpg,110342,110344,-Dvr1YzWQnSh2SnhsVtl4A,https://starter-verticals-2.sitecoresandbox.cloud/api/public/content/b36f6ea8c5fb44e0a3c760e7ed0136b8,b36f6ea8c5fb44e0a3c760e7ed0136b8,registry|content,30600
210030290.jpg,110362,110364,ZTRua8AaQcKWT6LFMqo4QQ,https://starter-verticals-2.sitecoresandbox.cloud/api/public/content/bffc553d8dbd4fc2a8d679c5a934291f,bffc553d8dbd4fc2a8d679c5a934291f,registry|content,89312
210128074.jpg,110370,110373,kAzO_On2Q8eTFE3Cr3WpIg,https://starter-verticals-2.sitecoresandbox.cloud/api/public/content/c43ba1d4ad364eb8ada08dd499018fdf,c43ba1d4ad364eb8ada08dd499018fdf,registry|content,27578
210250379.jpg,110380,110391,9j1OOTBlSzSP2a_Rekcfsw,https://starter-verticals-2.sitecoresandbox.cloud/api/public/content/0303e4befcb34e9498f257e2ddda7ec4,0303e4befcb34e9498f257e2ddda7ec4,registry|content,44364
210297883.jpg,110396,110398,Z4-arFyMTCS-cSrBMTVUfA,https://starter-verticals-2.sitecoresandbox.cloud/api/public/content/595c2a2d509f4e2c80fbcf3ff1b46a42,595c2a2d509f4e2c80fbcf3ff1b46a42,registry|content,34775
210300390.jpg,110409,110411,cBB3jOAJSKikloZcZH2P9Q,https://starter-verticals-2.sitecoresandbox.cloud/api/public/content/a20d699e9fb147a6a0b31b1f520a2938,a20d699e9fb147a6a0b31b1f520a2938,registry|content,31972
210335545.jpg,110427,110430,tIwsdp1SQk2a9qlpAofJHA,https://starter-verticals-2.sitecoresandbox.cloud/api/public/content/cce341c71daf4a04a47a3737c1a46ac8,cce341c71daf4a04a47a3737c1a46ac8,registry|content,37763
210425806.jpg,110436,110438,l0qFEEsiReepaGEPnEfL6w,https://starter-verticals-2.sitecoresandbox.cloud/api/public/content/5ce1422b3e9e453ba7162d0c30ad4619,5ce1422b3e9e453ba7162d0c30ad4619,registry|content,39793
210528948.jpg,110452,110454,V6ZuoHpnSOumYe_7r9MmtA,https://starter-verticals-2.sitecoresandbox.cloud/api/public/content/1f0c76c7b0bf42e6ad63271e21336c58,1f0c76c7b0bf42e6ad63271e21336c58,registry|content,33676
210536746.jpg,110465,110474,I_N8nEm0SY-gITDNNJcq9Q,https://starter-verticals-2.sitecoresandbox.cloud/api/public/content/d9f5346441b44e89b51bf084dc9364b5,d9f5346441b44e89b51bf084dc9364b5,registry|content,97072
210565991.jpg,110479,110482,2-W-h27HRBiGys25zMe8Rg,https://starter-verticals-2.sitecoresandbox.cloud/api/public/content/308dd3992059473fb11da47ff586e76a,308dd3992059473fb11da47ff586e76a,registry|content,34723
210569490.jpg,110487,110489,MyZ-t_amTuWFa-Sp3gM17Q,https://starter-verticals-2.sitecoresandbox.cloud/api/public/content/f09f153b1b7e469c9feeb1d618ed86c6,f09f153b1b7e469c9feeb1d618ed86c6,registry|content,45852
210638244.jpg,110496,110498,JjPx3m6oS3CLjC59JkLLaQ,https://starter-verticals-2.sitecoresandbox.cloud/api/public/content/49b01871a5b04e59902fc3db585401b0,49b01871a5b04e59902fc3db585401b0,registry|content,40896
210645207.jpg,110511,110513,KJ6zJnzVRWqDmeA6-mvbJA,https://starter-verticals-2.sitecoresandbox.cloud/api/public/content/50dcf14923644f199dcfcf19ded3ef34,50dcf14923644f199dcfcf19ded3ef34,registry|content,31758
210659183.jpg,110518,110530,0dluctYPTPa3gB1Ko1gGkw,https://starter-verticals-2.sitecoresandbox.cloud/api/public/content/f14b2e71f9294f59ab2ff754f1fefd65,f14b2e71f9294f59ab2ff754f1fefd65,registry|content,30495
210659285.jpg,110539,110543,fsvsSRl6Sn61RJqPLzxZYg,https://starter-verticals-2.sitecoresandbox.cloud/api/public/content/1e7b6923f2e24a00abb74ca4aeb0fe1c,1e7b6923f2e24a00abb74ca4aeb0fe1c,registry|content,31337
210706578.jpg,110547,110549,W2czi7oRSmWlwAi93sauSA,https://starter-verticals-2.sitecoresandbox.cloud/api/public/content/c3e3e7a620c44e80a91fd04e04ee7b03,c3e3e7a620c44e80a91fd04e04ee7b03,registry|content,48459
210736526.jpg,110565,110568,Vnt40He5QvGhOeC3YxIO-A,https://starter-verticals-2.sitecoresandbox.cloud/api/public/content/f8e7f80f4f9d40938ddc0f4a9088160b,f8e7f80f4f9d40938ddc0f4a9088160b,registry|content,56439
210740024.jpg,110573,110575,Sg3CtrjaT7Wmsxs568siDg,https://starter-verticals-2.sitecoresandbox.cloud/api/public/content/7f051d5c34e54560ae5afdbc71c2018b,7f051d5c34e54560ae5afdbc71c2018b,registry|content,32561
210741429.jpg,110593,110596,WDfWICHDQ1GvhgO2QaTwpg,https://starter-verticals-2.sitecoresandbox.cloud/api/public/content/c165a20a4469470688439ada8809a385,c165a20a4469470688439ada8809a385,registry|content,36421
210746686.jpg,110601,110603,zoyqMVyLTD6wNXTjc5ETgg,https://starter-verticals-2.sitecoresandbox.cloud/api/public/content/c0abc894ed884879b8077796e8ef60a8,c0abc894ed884879b8077796e8ef60a8,registry|content,32933
210753919.jpg,110610,110622,dP9pmZHRSASynFCgx2-ErQ,https://starter-verticals-2.sitecoresandbox.cloud/api/public/content/d33ddae22c8c4d8782f4d74be6d2c179,d33ddae22c8c4d8782f4d74be6d2c179,registry|content,36113
210772425.jpg,110626,110628,MNtkbkGgRhSnrjKS4mS4jA,https://starter-verticals-2.sitecoresandbox.cloud/api/public/content/93aa9b3f07f64f32896fd71943eea277,93aa9b3f07f64f32896fd71943eea277,registry|content,36086
210797154.jpg,110646,110650,hUb2ZlUURWu9M4-sJ6zo6A,https://starter-verticals-2.sitecoresandbox.cloud/api/public/content/dd7865d0aadf41ebbb80937afc102609,dd7865d0aadf41ebbb80937afc102609,registry|content,27920
210829226.jpg,110656,110660,SwqWDqqoSaeOuZVp3VFlTw,https://starter-verticals-2.sitecoresandbox.cloud/api/public/content/67ac781441fc4ad6b66a99dec62bdb19,67ac781441fc4ad6b66a99dec62bdb19,registry|content,28663
210895161.jpg,110670,110675,UJlXbWyLRRywh4Kj9hd7Lg,https://starter-verticals-2.sitecoresandbox.cloud/api/public/content/9c06dcea6f084d27b4c0ccd4b287b6f6,9c06dcea6f084d27b4c0ccd4b287b6f6,registry|content,41922
210896787.jpg,110687,110692,dvuyv2l5R8e00zI_ofApwA,https://starter-verticals-2.sitecoresandbox.cloud/api/public/content/73598491f994488b847d247e4fbd3b4e,73598491f994488b847d247e4fbd3b4e,registry|content,39116
210896804.jpg,110697,110699,1zwAnFyjSCqaz48TyA7wKA,https://starter-verticals-2.sitecoresandbox.cloud/api/public/content/3a18f0c110dc44f0b446b1641fceee84,3a18f0c110dc44f0b446b1641fceee84,registry|content,33570
210896951.jpg,110706,110714,Q-YKm9fdSTCSXtMeyut1dA,https://starter-verticals-2.sitecoresandbox.cloud/api/public/content/47f4b83f47d4416e85976d71945c766c,47f4b83f47d4416e85976d71945c766c,registry|content,30856
210915907.jpg,110719,110721,8I5M7yQBTKCzUz9EaGdcOw,https://starter-verticals-2.sitecoresandbox.cloud/api/public/content/f67ac6bd317a4c099c9286824101edbe,f67ac6bd317a4c099c9286824101edbe,registry|content,28446
210943347.jpg,110737,110739,urblt75CStCYuN5jait05w,https://starter-verticals-2.sitecoresandbox.cloud/api/public/content/dfd029899385474e8f1db3d9a16fd7db,dfd029899385474e8f1db3d9a16fd7db,registry|content,42729
210943513.jpg,110745,110747,GwJFJ5vbRXyU6lnyoCsfww,https://starter-verticals-2.sitecoresandbox.cloud/api/public/content/60ac36155b8542b4bd2504d172bf5835,60ac36155b8542b4bd2504d172bf5835,registry|content,34683
210949631.jpg,110753,110755,47vzfRiaRRWJx48OHIOSvw,https://starter-verticals-2.sitecoresandbox.cloud/api/public/content/a222b9ae92e94d4db6869cc55af5ec8e,a222b9ae92e94d4db6869cc55af5ec8e,registry|content,46382
210967877.jpg,110764,110767,y5AjVUGmTjOxAGgxVgbB3Q,https://starter-verticals-2.sitecoresandbox.cloud/api/public/content/b0762f95c2c14e35bd13f93235456bbe,b0762f95c2c14e35bd13f93235456bbe,registry|content,37634
210986677.jpg,110780,110782,nTJi4XilQ2WZJrTDeaRGVw,https://starter-verticals-2.sitecoresandbox.cloud/api/public/content/42d02b214eac44419fdbc15f4f8ec7ab,42d02b214eac44419fdbc15f4f8ec7ab,registry|content,51174
211009714.jpg,110793,110798,o-ybIrKOTvy_11S7SpZIIQ,https://starter-verticals-2.sitecoresandbox.cloud/api/public/content/d4176c862cbb4107bfd95ed57f19b679,d4176c862cbb4107bfd95ed57f19b679,registry|content,34419
211028790.jpg,110814,110816,RL6vvhetTIW7nJHEQ4udzw,https://starter-verticals-2.sitecoresandbox.cloud/api/public/content/f71a00d7a2f9471fab8f95b00007798b,f71a00d7a2f9471fab8f95b00007798b,registry|content,27149
211036651.jpg,110822,110827,pjtI5niMQiOZOZYfQ3ZErw,https://starter-verticals-2.sitecoresandbox.cloud/api/public/content/b78aec11d56a4826a3e3311298506a14,b78aec11d56a4826a3e3311298506a14,registry|content,34339
211062645.jpg,110831,110841,mM8lNgi5TvG2PSMIuiCVDw,https://starter-verticals-2.sitecoresandbox.cloud/api/public/content/d498f94649d943c697424cd3f92e374a,d498f94649d943c697424cd3f92e374a,registry|content,31769
211062646.jpg,110847,110855,cy0gKcGaSOWegwH3wPaO9Q,https://starter-verticals-2.sitecoresandbox.cloud/api/public/content/1ef12bf4291042bc9618e0b94b9bd15f,1ef12bf4291042bc9618e0b94b9bd15f,registry|content,37286
211062762.jpg,110867,110869,hJ6fYjkcS0eQONnqqp9v1g,https://starter-verticals-2.sitecoresandbox.cloud/api/public/content/1b285024bcf04b41957dbbbaa29ca5f6,1b285024bcf04b41957dbbbaa29ca5f6,registry|content,34757
211078983.jpg,110875,110887,ZzeZY6JETZmOEwSIJgQfVw,https://starter-verticals-2.sitecoresandbox.cloud/api/public/content/6f536e55d9bb49ccb84279ebc778c826,6f536e55d9bb49ccb84279ebc778c826,registry|content,29019
211104065.jpg,110890,110892,8QCow6D0T_C-8u8ybR9vqg,https://starter-verticals-2.sitecoresandbox.cloud/api/public/content/579f2b1852bb4beda0798c29bff4a883,579f2b1852bb4beda0798c29bff4a883,registry|content,36030
211123419.jpg,110907,110915,kocWFQfcQqmtJyIVUWVd7A,https://starter-verticals-2.sitecoresandbox.cloud/api/public/content/7f7ba62230884fc8aee3df079f3d593d,7f7ba62230884fc8aee3df079f3d593d,registry|content,27630
211145126.jpg,110919,110923,mvsvTPcCRZ2_HcMejmGMhg,https://starter-verticals-2.sitecoresandbox.cloud/api/public/content/840d9b9f6ea0422ca06370b64e043fc4,840d9b9f6ea0422ca06370b64e043fc4,registry|content,41257
211167208.jpg,110927,110937,F2CvMcUBSdeFLl_z_kxfDw,https://starter-verticals-2.sitecoresandbox.cloud/api/public/content/4fbd61bcc4524a1fa161624f13b17614,4fbd61bcc4524a1fa161624f13b17614,registry|content,30018
211213430.jpg,110946,110959,G2LLruChSbCABVgdDuM-Lg,https://starter-verticals-2.sitecoresandbox.cloud/api/public/content/e11c38c8e77d4a80a335a63815a145f5,e11c38c8e77d4a80a335a63815a145f5,registry|content,32729
211213574.jpg,110963,110965,EcEMFR9-SAOktOa2JrxrJQ,https://starter-verticals-2.sitecoresandbox.cloud/api/public/content/4a08efd4ee394952b18b10dc6b6f6563,4a08efd4ee394952b18b10dc6b6f6563,registry|content,35317
211213598.jpg,110970,110975,z2Q3z8XaRJOtsUuXBtNdMA,https://starter-verticals-2.sitecoresandbox.cloud/api/public/content/7f0878784038422bbd2c7b25c8beb516,7f0878784038422bbd2c7b25c8beb516,registry|content,30264
211213762.jpg,110985,110987,3kuDGtqxSPOZL6HBr_z7Lg,https://starter-verticals-2.sitecoresandbox.cloud/api/public/content/0fad42c5b1d64d0882b125c363245f4b,0fad42c5b1d64d0882b125c363245f4b,registry|content,31012
211213924.jpg,110998,111005,aTqO7CW8Q2OlPAnfcu5jdg,https://starter-verticals-2.sitecoresandbox.cloud/api/public/content/b64fce2f52f44b05a657a4d2b25936fe,b64fce2f52f44b05a657a4d2b25936fe,registry|content,36304
211246084.jpg,111009,111012,JGESJ_0oSHWvp4iExhwNiQ,https://starter-verticals-2.sitecoresandbox.cloud/api/public/content/9095470d47434bbd9d0616d5fd6c7870,9095470d47434bbd9d0616d5fd6c7870,registry|content,36224
211297163.jpg,111017,111021,9iqMVwR4R_KnwFBLNMDhEA,https://starter-verticals-2.sitecoresandbox.cloud/api/public/content/491c291101fe4ff2a53fc94ef367e622,491c291101fe4ff2a53fc94ef367e622,registry|content,29603
211300413.jpg,111026,111036,0WqQ36W2Sg-JjiSyli2Xvw,https://starter-verticals-2.sitecoresandbox.cloud/api/public/content/ab2f942074d143038532338707fe4d7b,ab2f942074d143038532338707fe4d7b,registry|content,31615
211314892.jpg,111041,111045,kM5ESKRhT7ytQmYv5wuoiQ,https://starter-verticals-2.sitecoresandbox.cloud/api/public/content/0681627cb11c4fb880d4ee4c58807cda,0681627cb11c4fb880d4ee4c58807cda,registry|content,30435
211316475.jpg,111062,111064,sLGqy3bLSVC014d9q4MWGQ,https://starter-verticals-2.sitecoresandbox.cloud/api/public/content/4ecdff15e4b745c8a393de5290530484,4ecdff15e4b745c8a393de5290530484,registry|content,29863
211321548.jpg,111070,111072,1AFEInoeQraksDOVmLx6RA,https://starter-verticals-2.sitecoresandbox.cloud/api/public/content/20850c6ca934441e9fff2d4d1383c03d,20850c6ca934441e9fff2d4d1383c03d,registry|content,40267
211328083.jpg,111080,111086,SfXoR2NXQV2WmuLmYH9D_g,https://starter-verticals-2.sitecoresandbox.cloud/api/public/content/f9e0d568c23145ab94f6ef8dda8c2643,f9e0d568c23145ab94f6ef8dda8c2643,registry|content,27850
211328185.jpg,111094,111096,ETKDqGK3TqOawXCuUPH2hQ,https://starter-verticals-2.sitecoresandbox.cloud/api/public/content/4a32c293cfc2493785efe045cf9e4039,4a32c293cfc2493785efe045cf9e4039,registry|content,33762
211328287.jpg,111114,111116,awz7sE2UQwGmuouf-YzR9Q,https://starter-verticals-2.sitecoresandbox.cloud/api/public/content/9b6f64de2adf4aa590cedd88b51e9aa6,9b6f64de2adf4aa590cedd88b51e9aa6,registry|content,30912
211328388.jpg,111121,111123,-pmsWeyQSd6f5xi9OpWgYA,https://starter-verticals-2.sitecoresandbox.cloud/api/public/content/0f0e5984c5194e7ab02d3afdacb0dc4f,0f0e5984c5194e7ab02d3afdacb0dc4f,registry|content,29796
211335542.jpg,111131,111133,jTH_HRXjRDu701Tt_adIww,https://starter-verticals-2.sitecoresandbox.cloud/api/public/content/c9647f9f274c420b808029ee99dbe1ae,c9647f9f274c420b808029ee99dbe1ae,registry|content,30402
211335874.jpg,111149,111151,sTMyzFtrRX-L_WlCrA68Ig,https://starter-verticals-2.sitecoresandbox.cloud/api/public/content/8902819ecd4d426796dd10442174a074,8902819ecd4d426796dd10442174a074,registry|content,29116
211335927.jpg,111166,111168,gWYn5zs3RKyTdW3PJ7c6Gg,https://starter-verticals-2.sitecoresandbox.cloud/api/public/content/4bd558e8720d4623a1df6b46806d7ec6,4bd558e8720d4623a1df6b46806d7ec6,registry|content,29403
211343321.jpg,111173,111176,V2kH3lP-Q6mpnvhQ-DNW-w,https://starter-verticals-2.sitecoresandbox.cloud/api/public/content/3df1112cb4cc4fb08dfd6aee83769786,3df1112cb4cc4fb08dfd6aee83769786,registry|content,29016
211343371.jpg,111184,111186,u_9U_77pTpSI01w4GjAYkg,https://starter-verticals-2.sitecoresandbox.cloud/api/public/content/f334a8db06d64f04a51adfa80a949d43,f334a8db06d64f04a51adfa80a949d43,registry|content,27878
211343373.jpg,111189,111193,fEDX8RdLTXKyi6hb-KW5cA,https://starter-verticals-2.sitecoresandbox.cloud/api/public/content/ac9a64eaa1c940cd97b5f3c9aefb6bfc,ac9a64eaa1c940cd97b5f3c9aefb6bfc,registry|content,29258
211347632.jpg,111209,111211,HqIUh53DSvK6qKsN8OWx9Q,https://starter-verticals-2.sitecoresandbox.cloud/api/public/content/330cc32758614a59b4016a57cbdeeaa1,330cc32758614a59b4016a57cbdeeaa1,registry|content,29387
211354231.jpg,111216,111221,jDgvGky0Sda6xZsXIFbHyw,https://starter-verticals-2.sitecoresandbox.cloud/api/public/content/d0709bb54d9d46a29895dd8a9347df69,d0709bb54d9d46a29895dd8a9347df69,registry|content,30194
211354905.jpg,111234,111238,pjYNcv4VTryicS6l__sOlQ,https://starter-verticals-2.sitecoresandbox.cloud/api/public/content/edf9c1b5992f4a9f83a043e54cb72b55,edf9c1b5992f4a9f83a043e54cb72b55,registry|content,36687
211361370.jpg,111243,111245,20B8xi7qT9i5K55saDUtxQ,https://starter-verticals-2.sitecoresandbox.cloud/api/public/content/21c0468f69d343719a4bf50a1231d46f,21c0468f69d343719a4bf50a1231d46f,registry|content,34699
211373810.jpg,111257,111263,x2nosmA5Sg6yphY5eQLDIQ,https://starter-verticals-2.sitecoresandbox.cloud/api/public/content/c475bb0a660f4a85bbfdeeea6f01e245,c475bb0a660f4a85bbfdeeea6f01e245,registry|content,29414
211373811.jpg,111271,111273,oJuclfMASgCHluSWwmIp2w,https://starter-verticals-2.sitecoresandbox.cloud/api/public/content/4477f4003c7a44889e3974813668e6aa,4477f4003c7a44889e3974813668e6aa,registry|content,30198
211378554.jpg,111286,111288,In_PHrr2TF-5dNBW1IRQ2Q,https://starter-verticals-2.sitecoresandbox.cloud/api/public/content/7de91e0d21b5437184c8691e1fb0168f,7de91e0d21b5437184c8691e1fb0168f,registry|content,75611
211431310.jpg,111299,111301,C3DlHq6hT0Cwdh0I4YnnvA,https://starter-verticals-2.sitecoresandbox.cloud/api/public/content/7b6ea605dc7f4273a3434ae671f0acb6,7b6ea605dc7f4273a3434ae671f0acb6,registry|content,41866
211434471.jpg,111307,111313,m3JexDkDT0y6LRiI-P1QnA,https://starter-verticals-2.sitecoresandbox.cloud/api/public/content/22dff3c31c1c49229d65adf4358f86f8,22dff3c31c1c49229d65adf4358f86f8,registry|content,26983
211442754.jpg,111324,111329,PipCndsGT6el08FEilYJcA,https://starter-verticals-2.sitecoresandbox.cloud/api/public/content/a2eb6d88c0ff42aeab1612fb98d0b828,a2eb6d88c0ff42aeab1612fb98d0b828,registry|content,41375
211443685.jpg,111332,111338,WL_SQsQtTSCciImTttfBNg,https://starter-verticals-2.sitecoresandbox.cloud/api/public/content/92ae1bdd86d54996b460a770d0b42653,92ae1bdd86d54996b460a770d0b42653,registry|content,31532
211449547.jpg,111354,111356,_BQFuGZLRZeEza0zStKczA,https://starter-verticals-2.sitecoresandbox.cloud/api/public/content/01ea4076821d4a6abd9610b99689df7e,01ea4076821d4a6abd9610b99689df7e,registry|content,31009
211467910.jpg,111361,111371,xqcyveiyQ1-5c7SNR-QFJQ,https://starter-verticals-2.sitecoresandbox.cloud/api/public/content/0a60b59b5f1e49be89969033bad1df10,0a60b59b5f1e49be89969033bad1df10,registry|content,33671
211497445.jpg,111381,111384,pr709mROTgGPPYWd2qFsxQ,https://starter-verticals-2.sitecoresandbox.cloud/api/public/content/53c68a3aa82e4544b7e129ddcf417426,53c68a3aa82e4544b7e129ddcf417426,registry|content,36621
211556430.jpg,111389,111391,c4GlvpMmTDyjdXEIbYOe4g,https://starter-verticals-2.sitecoresandbox.cloud/api/public/content/b591ef6300134bbbaf8cc64d939fb628,b591ef6300134bbbaf8cc64d939fb628,registry|content,29093
211577978.jpg,111407,111409,HENXZGYoQvyZVPc8amyEIQ,https://starter-verticals-2.sitecoresandbox.cloud/api/public/content/4f6c9151ccc1435b8bd0788a1babf0aa,4f6c9151ccc1435b8bd0788a1babf0aa,registry|content,41773
211584045.jpg,111415,111425,ET6h9k01Rq2PsOfbML3RqA,https://starter-verticals-2.sitecoresandbox.cloud/api/public/content/1b06a88f932b43949fc9529c01a2c124,1b06a88f932b43949fc9529c01a2c124,registry|content,46812
211587425.jpg,111438,111441,230x7VtjTrOd4Qo9sTzUiA,https://starter-verticals-2.sitecoresandbox.cloud/api/public/content/19a2e0e5476b40eea09ce1687aa6728b,19a2e0e5476b40eea09ce1687aa6728b,registry|content,31349
211593409.jpg,111446,111450,fGaF_JRhQ6uVQcfg6U7Krg,https://starter-verticals-2.sitecoresandbox.cloud/api/public/content/b6002a0ee3914997a3815d36b2432b3d,b6002a0ee3914997a3815d36b2432b3d,registry|content,62383
211595911.jpg,111455,111457,tfq8WHnXS7e5E0kIGoSygw,https://starter-verticals-2.sitecoresandbox.cloud/api/public/content/62e552179c9d4f26ad16d096afa7a95e,62e552179c9d4f26ad16d096afa7a95e,registry|content,58930
211599360.jpg,111471,111475,POa7QOM6Q5ebwIfMcZ8HLg,https://starter-verticals-2.sitecoresandbox.cloud/api/public/content/8c2f759bfa9a45f5b4a9958758beeaf5,8c2f759bfa9a45f5b4a9958758beeaf5,registry|content,35585
211620397.jpg,111488,111495,_d1s183vRRiac5GRFsCwag,https://starter-verticals-2.sitecoresandbox.cloud/api/public/content/6537e8f1ef794c83ac8f55c4fa990968,6537e8f1ef794c83ac8f55c4fa990968,registry|content,26720
211628708.jpg,111499,111501,sqZ2ioicTG2zFG8dHbEchQ,https://starter-verticals-2.sitecoresandbox.cloud/api/public/content/c210fabfad124f86a209edba0bfb71f6,c210fabfad124f86a209edba0bfb71f6,registry|content,28485
211629274.jpg,111506,111508,6-gSSKflQhyoSvnEvInIKw,https://starter-verticals-2.sitecoresandbox.cloud/api/public/content/757712e26e264bbcab0165ce7ffeeac6,757712e26e264bbcab0165ce7ffeeac6,registry|content,27357
211661646.jpg,111525,111527,4Y6njYbwRfizxrlLCeNGdA,https://starter-verticals-2.sitecoresandbox.cloud/api/public/content/7463ac8cc51248fbb80e8d6406cdd9d3,7463ac8cc51248fbb80e8d6406cdd9d3,registry|content,25491
211661678.jpg,111535,111547,vZjNSMypSNqpKBckp3_4Ng,https://starter-verticals-2.sitecoresandbox.cloud/api/public/content/7e8ff0ba8830418da19d5930d83a69b8,7e8ff0ba8830418da19d5930d83a69b8,registry|content,23156
211661734.jpg,111553,111555,0KdiragqSS-ZSKNnKlvIiQ,https://starter-verticals-2.sitecoresandbox.cloud/api/public/content/1ba92d35b2f34fa1ad3ed841e5988d66,1ba92d35b2f34fa1ad3ed841e5988d66,registry|content,12739
211661757.jpg,111567,111569,EL69joCwSCKP45SSMqB1sg,https://starter-verticals-2.sitecoresandbox.cloud/api/public/content/c4c50e06714749ea8df4bd7fa28e68fc,c4c50e06714749ea8df4bd7fa28e68fc,registry|content,20590
211661772.jpg,111574,111576,9D1OstBIQUOGfKXfWHNDsw,https://starter-verticals-2.sitecoresandbox.cloud/api/public/content/6a9bc9aa84e04e1296c7b3fb1ab43a28,6a9bc9aa84e04e1296c7b3fb1ab43a28,registry|content,31551
211661859.jpg,111592,111594,8BJYYnQyTOqnQkfE-qyjkQ,https://starter-verticals-2.sitecoresandbox.cloud/api/public/content/b391801ad0b24b7caff6001bc22b9024,b391801ad0b24b7caff6001bc22b9024,registry|content,26883
211661916.jpg,111599,111601,GmzkVbDjSqCUyLfr9wDtog,https://starter-verticals-2.sitecoresandbox.cloud/api/public/content/6911bcacd38546c29a59f1e2600d9d19,6911bcacd38546c29a59f1e2600d9d19,registry|content,24317
211661939.jpg,111608,111613,7hWmBMFpQlaiZLSsvsfV8w,https://starter-verticals-2.sitecoresandbox.cloud/api/public/content/a59b8356ea17422b8d987dad790e21b2,a59b8356ea17422b8d987dad790e21b2,registry|content,33777
211662021.jpg,111626,111628,JQ8AzhUKQxaNGjdfCBkqOw,https://starter-verticals-2.sitecoresandbox.cloud/api/public/content/f98e6f79613a475f847a80cf66465cc1,f98e6f79613a475f847a80cf66465cc1,registry|content,25701
211662054.jpg,111649,111651,JLHJgx3gS9Kn7wCPqPWKUw,https://starter-verticals-2.sitecoresandbox.cloud/api/public/content/c65d75b4bc9c43d7a0de0848f7dd4230,c65d75b4bc9c43d7a0de0848f7dd4230,registry|content,14692
211662085.jpg,111657,111659,uyAXwawDQh-0c27OTPC-mA,https://starter-verticals-2.sitecoresandbox.cloud/api/public/content/2f42f783a275479eb261c2ca34754873,2f42f783a275479eb261c2ca34754873,registry|content,34395
211662104.jpg,111669,111671,hsXj596zSNemmw7kFAdsDA,https://starter-verticals-2.sitecoresandbox.cloud/api/public/content/bd351ce408d544df865ea3426046e7c2,bd351ce408d544df865ea3426046e7c2,registry|content,23164
211662121.jpg,111685,111687,yPkPChHzSNGKQboEVK3kyw,https://starter-verticals-2.sitecoresandbox.cloud/api/public/content/4827fad314d343a88f09eb7958f6d68d,4827fad314d343a88f09eb7958f6d68d,registry|content,32842
211662123.jpg,111692,111694,gPAuH5sbRCKeQ6g7huCqQQ,https://starter-verticals-2.sitecoresandbox.cloud/api/public/content/5bf8e56d89b5414b9c6f668699f5890e,5bf8e56d89b5414b9c6f668699f5890e,registry|content,32353
211662124.jpg,111703,111705,bG6B50iBTCeMOWA9B-gsCg,https://starter-verticals-2.sitecoresandbox.cloud/api/public/content/264b86fd5ced4290bd125e1d938c9ef3,264b86fd5ced4290bd125e1d938c9ef3,registry|content,28602
211662172.jpg,111714,111717,00Y-Gq3qRxSx78pE-TMGsA,https://starter-verticals-2.sitecoresandbox.cloud/api/public/content/c30111d54129420589edf99ff8a925b5,c30111d54129420589edf99ff8a925b5,registry|content,25243
211662177.jpg,111725,111727,p8SvmmsRTACZHctLfJ7jeA,https://starter-verticals-2.sitecoresandbox.cloud/api/public/content/a03c97542ecf44ffa4bdf2ce0382d19d,a03c97542ecf44ffa4bdf2ce0382d19d,registry|content,28940
211662185.jpg,111743,111745,0rZD888PSZ63fxRhxnl_NQ,https://starter-verticals-2.sitecoresandbox.cloud/api/public/content/9415ddd766f1441aa68ee30225732e6a,9415ddd766f1441aa68ee30225732e6a,registry|content,20983
211662215.jpg,111750,111752,6jt4bM68RumLIv_zx7KeMQ,https://starter-verticals-2.sitecoresandbox.cloud/api/public/content/202c18a66f864606b0bf01a3828b65f4,202c18a66f864606b0bf01a3828b65f4,registry|content,14855
211662216.jpg,111766,111769,oHPJFI9-Rpy9DMZ8wiOBEw,https://starter-verticals-2.sitecoresandbox.cloud/api/public/content/6f3f8ae725ae4f07a5f1b1a6205ccae5,6f3f8ae725ae4f07a5f1b1a6205ccae5,registry|content,73419
211662239.jpg,111774,111778,Xu4aTkH2Q1-wGnROy0Tjeg,https://starter-verticals-2.sitecoresandbox.cloud/api/public/content/8dbf82354377444b9e9e16b60bd755f7,8dbf82354377444b9e9e16b60bd755f7,registry|content,24760
211662282.jpg,111795,111797,fA91UhGrTguWSf-GuWfjjA,https://starter-verticals-2.sitecoresandbox.cloud/api/public/content/aec15679e3bd42bba278946e8fd0756f,aec15679e3bd42bba278946e8fd0756f,registry|content,25094
211662319.jpg,111803,111807,rGrhYq9-SRCprcebHV0zDg,https://starter-verticals-2.sitecoresandbox.cloud/api/public/content/f560edad6c7842b29ed0681531424a00,f560edad6c7842b29ed0681531424a00,registry|content,33213
211662326.jpg,111810,111813,2sVkKWMBRrOtktwf_HUNwQ,https://starter-verticals-2.sitecoresandbox.cloud/api/public/content/26015eeee8ff4293b680648a1080c4e4,26015eeee8ff4293b680648a1080c4e4,registry|content,20524
211662341.jpg,111830,111834,ded4SP8CQxml0Fa0pQgFFQ,https://starter-verticals-2.sitecoresandbox.cloud/api/public/content/8d531a2edd7c4f09910aaf341f4cce0c,8d531a2edd7c4f09910aaf341f4cce0c,registry|content,20358
211662371.jpg,111837,111839,bjCiANfpQbaDvpu1ktvwKQ,https://starter-verticals-2.sitecoresandbox.cloud/api/public/content/12db41fb0d334f888a0e272477414af6,12db41fb0d334f888a0e272477414af6,registry|content,18951
211662389.jpg,111865,111869,mrycIYASTSiqbRLMizDtBg,https://starter-verticals-2.sitecoresandbox.cloud/api/public/content/4fb5871d393e40f892920bd054ae5f9d,4fb5871d393e40f892920bd054ae5f9d,registry|content,22568
211662405.jpg,111873,111876,kynbiTstQkOCAOdmRr0MVw,https://starter-verticals-2.sitecoresandbox.cloud/api/public/content/4f9fd6f7f68a4109a6252523d62d1401,4f9fd6f7f68a4109a6252523d62d1401,registry|content,17738
211662412.jpg,111882,111885,msfQGprQR9qm0ndYv0Pfuw,https://starter-verticals-2.sitecoresandbox.cloud/api/public/content/7f85e10736e640d3844fc1227cd04611,7f85e10736e640d3844fc1227cd04611,registry|content,26990
211662420.jpg,111890,111896,q8IGQxCdRviIWCHk0ff3Rg,https://starter-verticals-2.sitecoresandbox.cloud/api/public/content/5d475051d4f9453d926a68b9333df1ba,5d475051d4f9453d926a68b9333df1ba,registry|content,17166
211662454.jpg,111902,111904,QVQcUO4sQ2mxWuLzihsNPw,https://starter-verticals-2.sitecoresandbox.cloud/api/public/content/ada9fa1b75124b138e8e691a92f19c67,ada9fa1b75124b138e8e691a92f19c67,registry|content,26620
211662519.jpg,111917,111920,dpteG8tzQsWoGIH-FjfDzQ,https://starter-verticals-2.sitecoresandbox.cloud/api/public/content/6db79db3a460433bb4056554e4496cdd,6db79db3a460433bb4056554e4496cdd,registry|content,18510
211662521.jpg,111926,111931,gYpk4VezQW6m_-gTIcRKDg,https://starter-verticals-2.sitecoresandbox.cloud/api/public/content/3e5c6da42d5d4df6a3cca162280f301e,3e5c6da42d5d4df6a3cca162280f301e,registry|content,22831
211662522.jpg,111936,111944,XqDfSpeKQNakoVHGH5xkug,https://starter-verticals-2.sitecoresandbox.cloud/api/public/content/ed0a5b23a04b482b818f85fa3713ec8d,ed0a5b23a04b482b818f85fa3713ec8d,registry|content,22411
211662642.jpg,111964,111966,ho94PDVTRGGsjn3jYXVNHQ,https://starter-verticals-2.sitecoresandbox.cloud/api/public/content/16ba8fc92bef4de88e63389ee31735a2,16ba8fc92bef4de88e63389ee31735a2,registry|content,22166
211662677.jpg,111975,111977,DJg6-5A0T16hby4FxHxhtg,https://starter-verticals-2.sitecoresandbox.cloud/api/public/content/4355cc462a5b4bb793fc3bafbdc8ec54,4355cc462a5b4bb793fc3bafbdc8ec54,registry|content,26464
211662697.jpg,111983,111985,5tlBDknuTaO5J3gZWDCsCQ,https://starter-verticals-2.sitecoresandbox.cloud/api/public/content/70ce42a951d94310af5ad90d17390829,70ce42a951d94310af5ad90d17390829,registry|content,18802
211662732.jpg,112000,112002,eoD5jff0Q2eSWJbCSntNDQ,https://starter-verticals-2.sitecoresandbox.cloud/api/public/content/0d0e4379af194534bc3f2f9eb2ad2ce4,0d0e4379af194534bc3f2f9eb2ad2ce4,registry|content,23544
211662757.jpg,112007,112012,V2Ex437YQmO-_60uecYIOQ,https://starter-verticals-2.sitecoresandbox.cloud/api/public/content/e93130c831564f4988ddaced980e03a1,e93130c831564f4988ddaced980e03a1,registry|content,21344
211676996.jpg,112021,112030,nfqQuol0QcKa7xSAWxwHjQ,https://starter-verticals-2.sitecoresandbox.cloud/api/public/content/871bfb7525534ff298b61596b68213e7,871bfb7525534ff298b61596b68213e7,registry|content,37140
211680976.jpg,112038,112040,qVrYRZX_Ra69AmrzTbW8dQ,https://starter-verticals-2.sitecoresandbox.cloud/api/public/content/dacf5814858347ae8b2db5aff528db82,dacf5814858347ae8b2db5aff528db82,registry|content,58930
211688496.jpg,112045,112049,tInj12drQUqrlrpQt5bZbA,https://starter-verticals-2.sitecoresandbox.cloud/api/public/content/0798f43088cc4a489f38cebc7c6167e8,0798f43088cc4a489f38cebc7c6167e8,registry|content,37705
211689774.jpg,112063,112065,u7zY8S_kTAGVpLblgq_ayQ,https://starter-verticals-2.sitecoresandbox.cloud/api/public/content/d3c5cde3d3164eeaa034419d9be3e16b,d3c5cde3d3164eeaa034419d9be3e16b,registry|content,40365
211696074.jpg,112072,112074,2_h2sp9OQrWC6oAek7LCEg,https://starter-verticals-2.sitecoresandbox.cloud/api/public/content/bfb4ed36ce584558a9713f98700baf26,bfb4ed36ce584558a9713f98700baf26,registry|content,40490
211792611.jpg,112089,112094,kjvbA1iVSZG64vWsmGTJyQ,https://starter-verticals-2.sitecoresandbox.cloud/api/public/content/56a6b0295e0749b18296157d69b42bc4,56a6b0295e0749b18296157d69b42bc4,registry|content,26085
211792731.jpg,112102,112107,QXcVEReXQmy4bxIVGbeSDg,https://starter-verticals-2.sitecoresandbox.cloud/api/public/content/562b38db5679465c866335da2fb0c3ae,562b38db5679465c866335da2fb0c3ae,registry|content,23977
211792804.jpg,112120,112123,QTrICaRrTX6OZpQ6yGxGVA,https://starter-verticals-2.sitecoresandbox.cloud/api/public/content/7cc9cadc0f3149ada56cd9d9c6d023a4,7cc9cadc0f3149ada56cd9d9c6d023a4,registry|content,25806
211792805.jpg,112128,112130,QnHHnxXgQTe2ENmdH4NmsQ,https://starter-verticals-2.sitecoresandbox.cloud/api/public/content/740678e4e128447aba867f0ea201dc16,740678e4e128447aba867f0ea201dc16,registry|content,17777
211792807.jpg,112137,112139,69mryyQMTg2IBgm0EJtPYQ,https://starter-verticals-2.sitecoresandbox.cloud/api/public/content/0f63ed2edf7c4744b6de7bccacd0bfd2,0f63ed2edf7c4744b6de7bccacd0bfd2,registry|content,19490
211792808.jpg,112154,112157,RFIvxqg7RfyusHbhQKB_8A,https://starter-verticals-2.sitecoresandbox.cloud/api/public/content/adad16a55085446b930fb86e44d3d478,adad16a55085446b930fb86e44d3d478,registry|content,19518
211792849.jpg,112165,112173,cijR9rXAS0WDaPr4KRiRQA,https://starter-verticals-2.sitecoresandbox.cloud/api/public/content/ec51c41d51ef4fcbb300feb9890fb93b,ec51c41d51ef4fcbb300feb9890fb93b,registry|content,13326
211792860.jpg,112185,112187,pq_OCqFvQwiO0q3Q79DxwA,https://starter-verticals-2.sitecoresandbox.cloud/api/public/content/801655d0ccd64307b87080d130cf91fa,801655d0ccd64307b87080d130cf91fa,registry|content,18852
211792884.jpg,112193,112195,zejhTN69RKSaLAKmxLTpag,https://starter-verticals-2.sitecoresandbox.cloud/api/public/content/b9bfb2bcc2324e66a50b8cd1da8fbf69,b9bfb2bcc2324e66a50b8cd1da8fbf69,registry|content,11570
211792903.jpg,112210,112212,_RVV1swjSKSXja6KLm3Kkg,https://starter-verticals-2.sitecoresandbox.cloud/api/public/content/777a533983264bcf846b472a0d1d0b52,777a533983264bcf846b472a0d1d0b52,registry|content,17722
211793007.jpg,112217,112219,tCyTycV9SZWj6DLBEIKH9g,https://starter-verticals-2.sitecoresandbox.cloud/api/public/content/0a80cb59d23847dd92f2078503bfe234,0a80cb59d23847dd92f2078503bfe234,registry|content,25432
211793076.jpg,112238,112240,jfn5gTO9RTqaaNHyJ-T0xA,https://starter-verticals-2.sitecoresandbox.cloud/api/public/content/84601622d6ce4f6fa13b3290eb497297,84601622d6ce4f6fa13b3290eb497297,registry|content,37080
211793121.jpg,112245,112247,xI_f0WZCSO-KPVlxFge85w,https://starter-verticals-2.sitecoresandbox.cloud/api/public/content/706635a9f62942d9b1fe2d408d1ceded,706635a9f62942d9b1fe2d408d1ceded,registry|content,23482
211793150.jpg,112264,112266,QZtGdr7HTHyxQw9Jd632Pg,https://starter-verticals-2.sitecoresandbox.cloud/api/public/content/2509f7a957b44ee8a2120577e7dea1c4,2509f7a957b44ee8a2120577e7dea1c4,registry|content,22363
211793168.jpg,112271,112273,p_dirJlbSZWSQtvrFb9wOg,https://starter-verticals-2.sitecoresandbox.cloud/api/public/content/d2e93a034e3543818df872d3d605c0eb,d2e93a034e3543818df872d3d605c0eb,registry|content,17794
211793181.jpg,112291,112297,yAPS089_R4-5WwsjY1unbQ,https://starter-verticals-2.sitecoresandbox.cloud/api/public/content/85d6d6f68fdc4568b55c6bba50f3293d,85d6d6f68fdc4568b55c6bba50f3293d,registry|content,19557
211793197.jpg,112302,112305,J0SU0-oHSpmy5VAKakkeqA,https://starter-verticals-2.sitecoresandbox.cloud/api/public/content/91369e5978394e3ebb78b8e56d3435da,91369e5978394e3ebb78b8e56d3435da,registry|content,22775
211817590.jpg,112319,112321,X1HQlihVTcGisjHUxB34xw,https://starter-verticals-2.sitecoresandbox.cloud/api/public/content/23911bdab1a7441a92420d27ce235a65,23911bdab1a7441a92420d27ce235a65,registry|content,31510
211876976.jpg,112330,112338,MEw-v-PMSAeKlh0WojIY2Q,https://starter-verticals-2.sitecoresandbox.cloud/api/public/content/633744afc3ba42acb45d1f390b8bab53,633744afc3ba42acb45d1f390b8bab53,registry|content,54022
asos-logo-white.png,109876,109878,j6mXjZe2RdacUaNepNOIqQ,https://starter-verticals-2.sitecoresandbox.cloud/api/public/content/764cd202a98c4f57b4edb2ccb0b79360,764cd202a98c4f57b4edb2ccb0b79360,registry|content,3236
asos-logo.png,109883,109886,mi-XOn8-QOqhc3DKyPLrGQ,https://starter-verticals-2.sitecoresandbox.cloud/api/public/content/3f5954b7fac141d5a46cfb50cb6a60fc,3f5954b7fac141d5a46cfb50cb6a60fc,registry|content,3122
cat-151301892.jpg,112347,112349,HcJPwwNZQfylV-0j3HO-gg,https://starter-verticals-2.sitecoresandbox.cloud/api/public/content/c157cb6183a3445badb7063c37cdafcd,c157cb6183a3445badb7063c37cdafcd,registry|content,217299
cat-158204309.jpg,112355,112357,CvwFzzyoSmeSYkrns2A3mQ,https://starter-verticals-2.sitecoresandbox.cloud/api/public/content/56af959150d546a387a467e6306a047b,56af959150d546a387a467e6306a047b,registry|content,133539
cat-160764465.jpg,112371,112373,zJWvoNIMTkOTTpH-QupJ-Q,https://starter-verticals-2.sitecoresandbox.cloud/api/public/content/885b553a929d4ef3842b36c72d444cf5,885b553a929d4ef3842b36c72d444cf5,registry|content,187575
cat-hunter.jpg,112378,112385,fj6EIsYmQciZfp4UL-PESQ,https://starter-verticals-2.sitecoresandbox.cloud/api/public/content/b05300870e5d4811be27b753c65b2059,b05300870e5d4811be27b753c65b2059,registry|content,197795
cat-new-in.jpg,112399,112401,s3kZo8BbRTafZ4mlkmE9aw,https://starter-verticals-2.sitecoresandbox.cloud/api/public/content/20bb0748d7cc4e258ada0c352bb8998a,20bb0748d7cc4e258ada0c352bb8998a,registry|content,197315
hero-men.jpg,112414,112417,jj_pj6pbS2GBKd42qmk_2w,https://starter-verticals-2.sitecoresandbox.cloud/api/public/content/0538e470e79b4b8c8f220041e98551a3,0538e470e79b4b8c8f220041e98551a3,registry|content,94992
hero-women.jpg,112422,112426,pbO-Qw4IQ9qGdmCYuadi5g,https://starter-verticals-2.sitecoresandbox.cloud/api/public/content/dc0ee29665c54df49a3670d0d024088c,dc0ee29665c54df49a3670d0d024088c,registry|content,94702
men-denim.jpg,112443,112447,VArg07cfTHeUVsVbxRFhZw,https://starter-verticals-2.sitecoresandbox.cloud/api/public/content/eeead98ec9a448348ba5a7fea253cf46,eeead98ec9a448348ba5a7fea253cf46,registry|content,511680
men-knit.jpg,112451,112455,XGi0nuZ3S6C10qcVK8qAKQ,https://starter-verticals-2.sitecoresandbox.cloud/api/public/content/c3874c57ce15437195254171171575ff,c3874c57ce15437195254171171575ff,registry|content,261952
men-layers.jpg,112467,112469,OlwdYxUMQTKK1JgofNrsMw,https://starter-verticals-2.sitecoresandbox.cloud/api/public/content/2a9d8fd8ee1148f2928bb26a0783f996,2a9d8fd8ee1148f2928bb26a0783f996,registry|content,336505
still-1434389677669-e08b4cac3105.jpg,108529,108531,cztZh3rVSKClUxIPM-IWSA,https://starter-verticals-2.sitecoresandbox.cloud/api/public/content/cbb9ddb4614d4381bd0c44621f4bb2b8,cbb9ddb4614d4381bd0c44621f4bb2b8,registry|content,210907
still-1441986300917-64674bd600d8.jpg,108536,108539,a-AHRlnnTR2zQ1pVjK59Xg,https://starter-verticals-2.sitecoresandbox.cloud/api/public/content/9f82c20707f44f8dba33036ef518733e,9f82c20707f44f8dba33036ef518733e,registry|content,119908
still-1467043153537-a4fba2cd39ef.jpg,108544,108546,ilcZ37blR1eUmSHrcRyzMw,https://starter-verticals-2.sitecoresandbox.cloud/api/public/content/17e673ef11b6480ea5048805b64199f6,17e673ef11b6480ea5048805b64199f6,registry|content,118329
still-1469334031218-e382a71b716b.jpg,108555,108559,T9IzyRoKRWeIsTXQd218ZA,https://starter-verticals-2.sitecoresandbox.cloud/api/public/content/dbae881a8b844ef7a23b8a8053ba05fa,dbae881a8b844ef7a23b8a8053ba05fa,registry|content,73221
still-1475180098004-ca77a66827be.jpg,108565,108567,X0Q50OYbQCis289mU7rh1w,https://starter-verticals-2.sitecoresandbox.cloud/api/public/content/19115e2ea0a64d9c8fc73b1433fbf1e4,19115e2ea0a64d9c8fc73b1433fbf1e4,registry|content,149235
still-1479064555552-3ef4979f8908.jpg,108576,108578,5_qzplUAR3ygMRt2BMGxvg,https://starter-verticals-2.sitecoresandbox.cloud/api/public/content/96b5e8e6ab4746e39cf3d82cb002865a,96b5e8e6ab4746e39cf3d82cb002865a,registry|content,55564
still-1483985988355-763728e1935b.jpg,108586,108588,ct_IlcFJRO2CzZy3Fb_kzg,https://starter-verticals-2.sitecoresandbox.cloud/api/public/content/bd1efe5bfa944a9bbb2a7c58628efb25,bd1efe5bfa944a9bbb2a7c58628efb25,registry|content,66292
still-1485230895905-ec40ba36b9bc.jpg,108596,108600,wo_DDc0-T9GmrknJAn0EsQ,https://starter-verticals-2.sitecoresandbox.cloud/api/public/content/d89abe5908a141959081b9bcaf7b82d5,d89abe5908a141959081b9bcaf7b82d5,registry|content,43035
still-1487222477894-8943e31ef7b2.jpg,108609,108613,5IAdhLH8QeKcd2CUnegkNQ,https://starter-verticals-2.sitecoresandbox.cloud/api/public/content/d110c1e23f304c01a8936464d174170b,d110c1e23f304c01a8936464d174170b,registry|content,140657
still-1490481651871-ab68de25d43d.jpg,108622,108625,Db6jzUOxRqmwfxQHERXAdw,https://starter-verticals-2.sitecoresandbox.cloud/api/public/content/7cb9fc38ad454683af98b516d77ccc9f,7cb9fc38ad454683af98b516d77ccc9f,registry|content,66841
still-1496747611176-843222e1e57c.jpg,108633,108637,dsFc-CEmTBWdk98uES3nFg,https://starter-verticals-2.sitecoresandbox.cloud/api/public/content/14421e729a8a4ed584c610f7a377998a,14421e729a8a4ed584c610f7a377998a,registry|content,88282
still-1503342217505-b0a15ec3261c.jpg,108649,108654,uDIHN36pRa-mrfgv-GJufA,https://starter-verticals-2.sitecoresandbox.cloud/api/public/content/a3bd3f5fe76a43be80fa390ceb5f110d,a3bd3f5fe76a43be80fa390ceb5f110d,registry|content,92887
still-1509631179647-0177331693ae.jpg,108660,108662,-98YudgOTvORu53_v8YtWQ,https://starter-verticals-2.sitecoresandbox.cloud/api/public/content/2d3dba790d224aa2b20e838d7ce38f1e,2d3dba790d224aa2b20e838d7ce38f1e,registry|content,159783
still-1512436991641-6745cdb1723f.jpg,108672,108678,3-6g8biKT8avcmYewaOz6g,https://starter-verticals-2.sitecoresandbox.cloud/api/public/content/38230f5b0d684243b2dc95d21760dbd3,38230f5b0d684243b2dc95d21760dbd3,registry|content,110088
still-1514996937319-344454492b37.jpg,108683,108687,rOBAiFkdTsadk7yEYaviYg,https://starter-verticals-2.sitecoresandbox.cloud/api/public/content/324f87f136664ad1bc732042e80a6965,324f87f136664ad1bc732042e80a6965,registry|content,76605
still-1515886657613-9f3515b0c78f.jpg,108704,108706,hjOV9zVtRzqT84XSYqEeNQ,https://starter-verticals-2.sitecoresandbox.cloud/api/public/content/8fe079a2798042659bfb59515995d742,8fe079a2798042659bfb59515995d742,registry|content,127655
still-1519741497674-611481863552.jpg,108711,108722,S4cmPhKZQ_2Ek0YQQAL_RA,https://starter-verticals-2.sitecoresandbox.cloud/api/public/content/ac033b8f55fc46348bec25203bb22057,ac033b8f55fc46348bec25203bb22057,registry|content,57074
still-1521572163474-6864f9cf17ab.jpg,108727,108731,hhsvTjBxRRC1bS0yK4q74A,https://starter-verticals-2.sitecoresandbox.cloud/api/public/content/08e9d41436624111add317b3082c482e,08e9d41436624111add317b3082c482e,registry|content,73154
still-1529139574466-a303027c1d8b.jpg,108744,108752,l6G90YksTha9zTzsl0Su9w,https://starter-verticals-2.sitecoresandbox.cloud/api/public/content/e8ca697f9c574372983cdcc049119231,e8ca697f9c574372983cdcc049119231,registry|content,136801
still-1529626455594-4ff0802cfb7e.jpg,108756,108760,GnzTPDRES_ujt-oHK17CxQ,https://starter-verticals-2.sitecoresandbox.cloud/api/public/content/54d3ac97ecfa4e59a490234203cf4d7f,54d3ac97ecfa4e59a490234203cf4d7f,registry|content,164851
still-1541099649105-f69ad21f3246.jpg,108764,108766,zA_v1KWbTWeALgGncQe16g,https://starter-verticals-2.sitecoresandbox.cloud/api/public/content/37844e45370b4385956d298d9e536d8d,37844e45370b4385956d298d9e536d8d,registry|content,194513
still-1544441893-675973e31985.jpg,108780,108782,uGF_qJKkSKW72Q2j0f2GMA,https://starter-verticals-2.sitecoresandbox.cloud/api/public/content/f7f5c14d9d2d49cebaac165b900a650b,f7f5c14d9d2d49cebaac165b900a650b,registry|content,46505
still-1545291730-faff8ca1d4b0.jpg,108787,108789,OZv0ph4wTHWFhbD_Km9gYw,https://starter-verticals-2.sitecoresandbox.cloud/api/public/content/6ce0e58b3a4d4ca0a1d4d2fa2c78a31d,6ce0e58b3a4d4ca0a1d4d2fa2c78a31d,registry|content,188448
still-1551488831-00ddcb6c6bd3.jpg,108808,108810,nEHVVqgRRKCeFvS9OCs3Rg,https://starter-verticals-2.sitecoresandbox.cloud/api/public/content/0f5b9bb5ede7445082436cf57cd6deba,0f5b9bb5ede7445082436cf57cd6deba,registry|content,66949
still-1562157873-818bc0726f68.jpg,108819,108822,qINoDDxXSsie9gM8mYD-KA,https://starter-verticals-2.sitecoresandbox.cloud/api/public/content/28ac0f8670b94cef874a4a2e4f39f609,28ac0f8670b94cef874a4a2e4f39f609,registry|content,122520
still-1576566588028-4147f3842f27.jpg,108834,108838,dnpJfENpSl-OekREfrJVBQ,https://starter-verticals-2.sitecoresandbox.cloud/api/public/content/c76623c3f8c24f99acc22641c7a449d4,c76623c3f8c24f99acc22641c7a449d4,registry|content,110007
still-1583743814966-8936f5b7be1a.jpg,108844,108846,PAGejbLXQ4CPCM_4ed-VRA,https://starter-verticals-2.sitecoresandbox.cloud/api/public/content/67d42227161042ed8d55d5891ed4a4d9,67d42227161042ed8d55d5891ed4a4d9,registry|content,91663
still-1591047139829-d91aecb6caea.jpg,108859,108863,doKesA4LQA28nENpKsOwUQ,https://starter-verticals-2.sitecoresandbox.cloud/api/public/content/f7df296d01e14a15a78775dc5daffa78,f7df296d01e14a15a78775dc5daffa78,registry|content,149590
still-1596755094514-f87e34085b2c.jpg,108866,108877,hgpm1-pXTNKm5rkhUaE5SQ,https://starter-verticals-2.sitecoresandbox.cloud/api/public/content/0fb4c6210657427492742569a2d10cbb,0fb4c6210657427492742569a2d10cbb,registry|content,113069
still-1617137968427-85924c800a22.jpg,108883,108887,Qyivw9SkSe-iWJR0jusoEQ,https://starter-verticals-2.sitecoresandbox.cloud/api/public/content/7ccdd3ba2fb04833b95ba2f6b7ad23c5,7ccdd3ba2fb04833b95ba2f6b7ad23c5,registry|content,145584
still-1618354691373-d851c5c3a990.jpg,108900,108913,TeIsnrjWRo2SJDsJ1ZCZfA,https://starter-verticals-2.sitecoresandbox.cloud/api/public/content/95eb1003b41247cdb157bb4c055cf3d7,95eb1003b41247cdb157bb4c055cf3d7,registry|content,44030
still-extra-001.jpg,108917,108921,0SSsdQzgTEG38gifuwVBPg,https://starter-verticals-2.sitecoresandbox.cloud/api/public/content/0da6b5fb3f7b40a98ca7b980e41b7559,0da6b5fb3f7b40a98ca7b980e41b7559,registry|content,72449
still-extra-002.jpg,108927,108933,gesefJ7nSK6Cw2_RJnTwXw,https://starter-verticals-2.sitecoresandbox.cloud/api/public/content/f21e874c22b84693a00d710c36da0119,f21e874c22b84693a00d710c36da0119,registry|content,171352
still-extra-003.jpg,108938,108942,U_niurC0Sq6A96gaI_e_Kw,https://starter-verticals-2.sitecoresandbox.cloud/api/public/content/6f3e59f2a3054ef4af4dbb7e0b251c20,6f3e59f2a3054ef4af4dbb7e0b251c20,registry|content,63423
still-extra-004.jpg,108956,108958,BJf05X0tRxywzfqEtztvtw,https://starter-verticals-2.sitecoresandbox.cloud/api/public/content/12dd35f370b94491996b1fff6f036f4a,12dd35f370b94491996b1fff6f036f4a,registry|content,114832
still-extra-005.jpg,108965,108969,DdCDigMdQRyWlP4Tw1eB7g,https://starter-verticals-2.sitecoresandbox.cloud/api/public/content/9abfc6f9c5f643fa90af1cbf2b4a0041,9abfc6f9c5f643fa90af1cbf2b4a0041,registry|content,164381
still-extra-006.jpg,108978,108980,XsmYge8jTwS5Qv5B1poD5Q,https://starter-verticals-2.sitecoresandbox.cloud/api/public/content/5ddae1091b4843dbae6f8b163b9756d6,5ddae1091b4843dbae6f8b163b9756d6,registry|content,30481
still-extra-007.jpg,108990,108992,IdzfbABvR7auU_cydbz7Dw,https://starter-verticals-2.sitecoresandbox.cloud/api/public/content/6f092e8f67db4246bfa6409685dfc845,6f092e8f67db4246bfa6409685dfc845,registry|content,155108
still-extra-008.jpg,108997,108999,CuiqOTNQS4WH9oRypzCl7Q,https://starter-verticals-2.sitecoresandbox.cloud/api/public/content/9057067576194079b0aac7a90211fc5f,9057067576194079b0aac7a90211fc5f,registry|content,35516
still-extra-009.jpg,109011,109015,3l0o8ZNxRkaETkvsXIAzBA,https://starter-verticals-2.sitecoresandbox.cloud/api/public/content/0b8f3a237b074b42a7c51973ba9982ae,0b8f3a237b074b42a7c51973ba9982ae,registry|content,74323
still-extra-010.jpg,109021,109026,LOk9UJVjTI-vabLENj4lTA,https://starter-verticals-2.sitecoresandbox.cloud/api/public/content/0472383eb51744f6a014098980e43003,0472383eb51744f6a014098980e43003,registry|content,110943
still-extra-011.jpg,109042,109044,7UtNnhQyRi6yaI3upd8aGg,https://starter-verticals-2.sitecoresandbox.cloud/api/public/content/993defd6ca7f4aeb86c51c49c5d1b458,993defd6ca7f4aeb86c51c49c5d1b458,registry|content,127826
still-extra-012.jpg,109053,109055,uEqhW96FT-SWTJxUK0aGDg,https://starter-verticals-2.sitecoresandbox.cloud/api/public/content/8651f5ec956a4ce78d4656ba9afc5054,8651f5ec956a4ce78d4656ba9afc5054,registry|content,107385
still-extra-013.jpg,109064,109070,24GPCQ07QeGEtTsxf1SwzQ,https://starter-verticals-2.sitecoresandbox.cloud/api/public/content/6dde13dd12124693b213b4a0c7150c6f,6dde13dd12124693b213b4a0c7150c6f,registry|content,105274
still-extra-014.jpg,109078,109080,TssQqll-TXWEOBnJUQocmw,https://starter-verticals-2.sitecoresandbox.cloud/api/public/content/c7c62beb80654970ad31b51fc49d0577,c7c62beb80654970ad31b51fc49d0577,registry|content,85558
still-extra-015.jpg,109087,109092,oXaDzER2Tma4n9bW4qVSrQ,https://starter-verticals-2.sitecoresandbox.cloud/api/public/content/5ee19f91bbbb47e2a48f21d227c62d87,5ee19f91bbbb47e2a48f21d227c62d87,registry|content,131067
still-extra-016.jpg,109100,109102,AO2diQS-TNyMxWTPH3VUOg,https://starter-verticals-2.sitecoresandbox.cloud/api/public/content/02228ba5a8a14f0f86ac93b10292e081,02228ba5a8a14f0f86ac93b10292e081,registry|content,102716
still-extra-017.jpg,109112,109116,58ayCdcyS62kmOjK-lrt7w,https://starter-verticals-2.sitecoresandbox.cloud/api/public/content/20a7ed27c1c8440abf04e10939ec6b49,20a7ed27c1c8440abf04e10939ec6b49,registry|content,113810
still-extra-018.jpg,109129,109136,fK3nNq6xQl-_c_4WaU1mRw,https://starter-verticals-2.sitecoresandbox.cloud/api/public/content/cd2bfb7e293042b98302eeba45c8787b,cd2bfb7e293042b98302eeba45c8787b,registry|content,71999
still-extra-019.jpg,109139,109144,YHY6TRdMRGSUZmfeNf1XMQ,https://starter-verticals-2.sitecoresandbox.cloud/api/public/content/30bdcdcd8d2e420c8165afbeb263750f,30bdcdcd8d2e420c8165afbeb263750f,registry|content,52647
still-extra-020.jpg,109156,109158,lJuGthV6QXyuXEXtXe41PA,https://starter-verticals-2.sitecoresandbox.cloud/api/public/content/38d8692e2b9e4c90a33c47d9b1c3561d,38d8692e2b9e4c90a33c47d9b1c3561d,registry|content,84244
still-extra-021.jpg,109165,109167,tm2qAI77TJ-ITHtLt31MPQ,https://starter-verticals-2.sitecoresandbox.cloud/api/public/content/a4844c7c9a15417ea94c9244cb40024e,a4844c7c9a15417ea94c9244cb40024e,registry|content,182117
still-extra-022.jpg,109181,109183,v3iojNGCQGW7ASRo_fPg4w,https://starter-verticals-2.sitecoresandbox.cloud/api/public/content/f8bf4edb6f7840c59abfa180e16c6ca7,f8bf4edb6f7840c59abfa180e16c6ca7,registry|content,110973
still-extra-023.jpg,109192,109195,BfXtGuDZQFqrCV-acgeO7Q,https://starter-verticals-2.sitecoresandbox.cloud/api/public/content/9d688273c5b048d2a9aac469a17dc078,9d688273c5b048d2a9aac469a17dc078,registry|content,104877
still-extra-024.jpg,109204,109209,3cLT7QzKRYebeNy2f-Qg5w,https://starter-verticals-2.sitecoresandbox.cloud/api/public/content/bb267f0910424d45a2583c36d7ca309f,bb267f0910424d45a2583c36d7ca309f,registry|content,77651
still-extra-025.jpg,109219,109227,up8oWTrzT-mSeVoUmW6_dw,https://starter-verticals-2.sitecoresandbox.cloud/api/public/content/ce264306adbe4a39ab0fa1696e4b1ba9,ce264306adbe4a39ab0fa1696e4b1ba9,registry|content,100948
still-extra-026.jpg,109231,109233,W8FGx3puR6SDoGL2O0sXcA,https://starter-verticals-2.sitecoresandbox.cloud/api/public/content/4e222067e4674ed48f2394638b56ba3b,4e222067e4674ed48f2394638b56ba3b,registry|content,186067
still-extra-027.jpg,109245,109249,pSPBfyzsQ1iO8ioyp00-lw,https://starter-verticals-2.sitecoresandbox.cloud/api/public/content/8f4f9aab785743d3be10def4da897463,8f4f9aab785743d3be10def4da897463,registry|content,116433
still-extra-028.jpg,109257,109259,30i8strpTDeeoxTnPMetAw,https://starter-verticals-2.sitecoresandbox.cloud/api/public/content/9cd8426d7b174dc5a3b40e9aff8a888a,9cd8426d7b174dc5a3b40e9aff8a888a,registry|content,156128
still-extra-029.jpg,109275,109277,b9DKZA2_RSGplKgcejndqA,https://starter-verticals-2.sitecoresandbox.cloud/api/public/content/916ecfc3795e4773980d89944a958c97,916ecfc3795e4773980d89944a958c97,registry|content,117788
still-extra-030.jpg,109282,109284,0KvZLddoTIWcGrb2yrEbWQ,https://starter-verticals-2.sitecoresandbox.cloud/api/public/content/01b2ec4e3c644663abad6ea7cb148405,01b2ec4e3c644663abad6ea7cb148405,registry|content,114319
still-extra-031.jpg,109299,109301,xUJAqz5tTeuu_hq_PbF2Bg,https://starter-verticals-2.sitecoresandbox.cloud/api/public/content/151907a78b8a40b58661c5176f78fcbf,151907a78b8a40b58661c5176f78fcbf,registry|content,110559
still-extra-032.jpg,109312,109320,SNWIwclOQxeTy904SfVydw,https://starter-verticals-2.sitecoresandbox.cloud/api/public/content/b9428077d2804b1fa8f491b9db9c013a,b9428077d2804b1fa8f491b9db9c013a,registry|content,98867
still-extra-033.jpg,109323,109334,Wbv16Lk2Tgm68D4CRi51Ig,https://starter-verticals-2.sitecoresandbox.cloud/api/public/content/1f1dd22fea9a4cea8784ffc229d9117b,1f1dd22fea9a4cea8784ffc229d9117b,registry|content,168644
still-extra-034.jpg,109340,109343,a3o-i5AOTpmbvOjwPAYryQ,https://starter-verticals-2.sitecoresandbox.cloud/api/public/content/75f9865335bd49c3bf5ea908d5d95df7,75f9865335bd49c3bf5ea908d5d95df7,registry|content,56259
still-extra-035.jpg,109348,109358,TEhYx_0jRHW5d07AxokcpQ,https://starter-verticals-2.sitecoresandbox.cloud/api/public/content/bd8c846c28cf4902801b07d8f6e38437,bd8c846c28cf4902801b07d8f6e38437,registry|content,73217
still-extra-036.jpg,109364,109368,boE_HnSgQVqVSXlsdCRRZQ,https://starter-verticals-2.sitecoresandbox.cloud/api/public/content/b36e2d416236467fa7151fe7e06dcbc6,b36e2d416236467fa7151fe7e06dcbc6,registry|content,67944
still-extra-037.jpg,109377,109382,iIX3xPm4RdegjcjdNpkieQ,https://starter-verticals-2.sitecoresandbox.cloud/api/public/content/18801fab50bd4fc4983799e407881e45,18801fab50bd4fc4983799e407881e45,registry|content,75960
still-extra-038.jpg,109392,109395,z7VvtkYvThSye2ZrbNBcWw,https://starter-verticals-2.sitecoresandbox.cloud/api/public/content/53077d86d0ef49e49781430f647c0e0d,53077d86d0ef49e49781430f647c0e0d,registry|content,83336
still-extra-039.jpg,109407,109409,5SKnqjRnTjOboc6mvCI7UQ,https://starter-verticals-2.sitecoresandbox.cloud/api/public/content/baedc3d3db7343a888f4a693a33eb18f,baedc3d3db7343a888f4a693a33eb18f,registry|content,138481
still-extra-040.jpg,109414,109416,EGGhWphpRuS6SgRH5zE20g,https://starter-verticals-2.sitecoresandbox.cloud/api/public/content/9e5d0f240f174029876d0f1cc1b499a7,9e5d0f240f174029876d0f1cc1b499a7,registry|content,56521
still-extra-041.jpg,109432,109434,8SeZPN8STlS5900p2-AA_Q,https://starter-verticals-2.sitecoresandbox.cloud/api/public/content/1b2471babcb34257920fd2c6f59c5a1f,1b2471babcb34257920fd2c6f59c5a1f,registry|content,62062
still-extra-042.jpg,109439,109443,oajxE0SiQr6u5XiK_EeiMw,https://starter-verticals-2.sitecoresandbox.cloud/api/public/content/9e406e2c853e4ca6b78bd3e0d80313f8,9e406e2c853e4ca6b78bd3e0d80313f8,registry|content,55658
still-extra-043.jpg,109456,109458,iMK25OBATGWi3FnIFEqi0w,https://starter-verticals-2.sitecoresandbox.cloud/api/public/content/d20dd1ee2ad4484598fab930ae30972a,d20dd1ee2ad4484598fab930ae30972a,registry|content,49107
still-extra-044.jpg,109463,109468,CJLQQem7QnO_1nZZnYx9qg,https://starter-verticals-2.sitecoresandbox.cloud/api/public/content/826341d174924d8581664353bcab01b0,826341d174924d8581664353bcab01b0,registry|content,111754
still-extra-045.jpg,109484,109488,mP3YSJwBQpG9I3vkBszgwQ,https://starter-verticals-2.sitecoresandbox.cloud/api/public/content/d6f625ed905c43309fdd668f12b90ddc,d6f625ed905c43309fdd668f12b90ddc,registry|content,61956
still-extra-046.jpg,109491,109494,sjPMJ9-mSxuQuaN7mBgDKg,https://starter-verticals-2.sitecoresandbox.cloud/api/public/content/f632407ee9c44e6ebee0a4009ee6d428,f632407ee9c44e6ebee0a4009ee6d428,registry|content,73804
still-extra-047.jpg,109500,109502,LCuVmubRTIO5psAfcd_Qfg,https://starter-verticals-2.sitecoresandbox.cloud/api/public/content/32939dd43b784c6b9de5d3b4c02c6361,32939dd43b784c6b9de5d3b4c02c6361,registry|content,143176
still-extra-048.jpg,109507,109510,4OGO5PJSScu3WNXt8FZCpQ,https://starter-verticals-2.sitecoresandbox.cloud/api/public/content/dc58c76b44a4419c9d2fd4829a005c9d,dc58c76b44a4419c9d2fd4829a005c9d,registry|content,100958
still-extra-049.jpg,109527,109531,Eap6XZoXRpG_NRjG_9p8zA,https://starter-verticals-2.sitecoresandbox.cloud/api/public/content/90aca12ff2c943cc84766246828f1d64,90aca12ff2c943cc84766246828f1d64,registry|content,36454
still-extra-050.jpg,109551,109558,FDjVyTugRjSb7Shb1zP2jw,https://starter-verticals-2.sitecoresandbox.cloud/api/public/content/c73bd58e634448359462f2d55e82b5a9,c73bd58e634448359462f2d55e82b5a9,registry|content,103166
still-extra-051.jpg,109561,109563,Le-72WK3RLuTEmoW5MYusA,https://starter-verticals-2.sitecoresandbox.cloud/api/public/content/055fc0953d494181b9a8316da79556d8,055fc0953d494181b9a8316da79556d8,registry|content,46335
still-extra-052.jpg,109570,109580,JgJl0fe6S2asDbUvdEgNpw,https://starter-verticals-2.sitecoresandbox.cloud/api/public/content/df00820b76da4bc1b84f0ac1a06b1245,df00820b76da4bc1b84f0ac1a06b1245,registry|content,187099
still-extra-053.jpg,109583,109585,ihm7Ng6KSZGfMRLtXhS-qA,https://starter-verticals-2.sitecoresandbox.cloud/api/public/content/33f5a186fceb404090dff81c15719505,33f5a186fceb404090dff81c15719505,registry|content,78448
still-extra-054.jpg,109597,109602,7SyQUExRReWIBIByKC1vLA,https://starter-verticals-2.sitecoresandbox.cloud/api/public/content/bdc2e146429b484da5ab88de1db59478,bdc2e146429b484da5ab88de1db59478,registry|content,138029
still-extra-055.jpg,109608,109612,bNJb2PoHRBS80wcz9-05xQ,https://starter-verticals-2.sitecoresandbox.cloud/api/public/content/bdb42ea25e1b4d1695604312efa11af1,bdb42ea25e1b4d1695604312efa11af1,registry|content,101119
still-extra-056.jpg,109617,109619,ZbBMRrv3TLu6B64lUCREbw,https://starter-verticals-2.sitecoresandbox.cloud/api/public/content/3b7e4a481d7a4314b4fbb479f15dc268,3b7e4a481d7a4314b4fbb479f15dc268,registry|content,102435
still-extra-057.jpg,109635,109637,fodxCTyoT-GBSQVr16b_tQ,https://starter-verticals-2.sitecoresandbox.cloud/api/public/content/9270ce433719412ea246cf644d29fdb7,9270ce433719412ea246cf644d29fdb7,registry|content,43918
still-extra-058.jpg,109645,109655,CaJdXeGPS9i05at-hJQGRw,https://starter-verticals-2.sitecoresandbox.cloud/api/public/content/769acf91f03346169a0bfdc6272b2972,769acf91f03346169a0bfdc6272b2972,registry|content,82825
still-extra-059.jpg,109665,109668,OwXtQZ1MQZCex-sd6HGvag,https://starter-verticals-2.sitecoresandbox.cloud/api/public/content/efb81a182f92436aacfc02645292ee57,efb81a182f92436aacfc02645292ee57,registry|content,186159
still-extra-060.jpg,109673,109676,gIb0Uv3ZSIOIJW4-PYh1WQ,https://starter-verticals-2.sitecoresandbox.cloud/api/public/content/4a8332c0e7bb4d22b31e3bf559db9938,4a8332c0e7bb4d22b31e3bf559db9938,registry|content,50545
still-extra-061.jpg,109688,109690,foGYq2fhRMKrbphnATx4Ww,https://starter-verticals-2.sitecoresandbox.cloud/api/public/content/f06b9f9cf61e498eb77153ebdc045d94,f06b9f9cf61e498eb77153ebdc045d94,registry|content,140669
still-extra-062.jpg,109697,109699,95_yIm_9Sfi1IxSaWfkJAQ,https://starter-verticals-2.sitecoresandbox.cloud/api/public/content/d30057420cd04b1195474a5fdbcd07f7,d30057420cd04b1195474a5fdbcd07f7,registry|content,128015
still-extra-063.jpg,109718,109720,LwA3c7nRTq6xHOkEkDXQqA,https://starter-verticals-2.sitecoresandbox.cloud/api/public/content/9cfa643c525b4dc4bacb4f4b7f95c4ce,9cfa643c525b4dc4bacb4f4b7f95c4ce,registry|content,95464
still-extra-064.jpg,109726,109735,9rQyVojjQBODcYCvZeQ_hw,https://starter-verticals-2.sitecoresandbox.cloud/api/public/content/709aadbbe66742838e7d86a0505e61d1,709aadbbe66742838e7d86a0505e61d1,registry|content,192116
still-extra-065.jpg,109739,109741,1EB2dmOtSS-eRSzLxSlI7A,https://starter-verticals-2.sitecoresandbox.cloud/api/public/content/0d272b328fab42178822f6030f86fc73,0d272b328fab42178822f6030f86fc73,registry|content,157364
still-extra-066.jpg,109757,109759,EQdC_tVVSPa8fJhmj3zaIg,https://starter-verticals-2.sitecoresandbox.cloud/api/public/content/93557a4ffafc40d782646718ed875ecc,93557a4ffafc40d782646718ed875ecc,registry|content,52753
still-extra-067.jpg,109765,109767,Ixya4eYnTcSMaTE8UtVSug,https://starter-verticals-2.sitecoresandbox.cloud/api/public/content/899205aad9d344819e9436e09f091a7b,899205aad9d344819e9436e09f091a7b,registry|content,124503
still-extra-068.jpg,109782,109784,h_sC8gWDTMm_2oE-9OtYkg,https://starter-verticals-2.sitecoresandbox.cloud/api/public/content/7105bb8f4cde48eeb390eb65ccf6d5fa,7105bb8f4cde48eeb390eb65ccf6d5fa,registry|content,68203
still-extra-069.jpg,109790,109795,PsURkkU1TYOK0pZ6p6zeEw,https://starter-verticals-2.sitecoresandbox.cloud/api/public/content/e72fdad8fc3649ebb061413e661be91d,e72fdad8fc3649ebb061413e661be91d,registry|content,82818
still-extra-070.jpg,109814,109816,D6IXvXXGT1uq5VytqBxHjw,https://starter-verticals-2.sitecoresandbox.cloud/api/public/content/5c41a5b0db7c46078fd2ed5024124852,5c41a5b0db7c46078fd2ed5024124852,registry|content,129661
style-footwear.jpg,112474,112477,pJa4GC5qTwOH4WkYDRG7cg,https://starter-verticals-2.sitecoresandbox.cloud/api/public/content/4820324603f649338701483d27570c01,4820324603f649338701483d27570c01,registry|content,243402
style-lfw.jpg,112495,112497,4_21gA-gSSWvdUipHJJBtQ,https://starter-verticals-2.sitecoresandbox.cloud/api/public/content/4edf4bca575548cea684b3ad15ba2a7a,4edf4bca575548cea684b3ad15ba2a7a,registry|content,215177
trend-1.jpg,112503,112511,S8yM2wMVQwuiH8VRFlWIfg,https://starter-verticals-2.sitecoresandbox.cloud/api/public/content/9ab66b7643554fdfa57d091b244efaf7,9ab66b7643554fdfa57d091b244efaf7,registry|content,209955
trend-2.jpg,112516,112518,0w9wbpdIS6O_xajmDlLDxw,https://starter-verticals-2.sitecoresandbox.cloud/api/public/content/bb2a4cfc4c914bcd93964f2626e77fa4,bb2a4cfc4c914bcd93964f2626e77fa4,registry|content,273624
trend-3.jpg,112533,112535,LSSQvaTFRUGjza5KqQX5Nw,https://starter-verticals-2.sitecoresandbox.cloud/api/public/content/d80af48ccca44ba493378324cb0ac064,d80af48ccca44ba493378324cb0ac064,registry|content,256139
trend-4.jpg,112542,112544,mZEFoEB8RyiHoVaJrlaswg,https://starter-verticals-2.sitecoresandbox.cloud/api/public/content/5ee75ce1ce5b449ca29ae52aa7e798a9,5ee75ce1ce5b449ca29ae52aa7e798a9,registry|content,191349
trend-5.jpg,112558,112560,puVaClaFShee9r-Vjf3Axg,https://starter-verticals-2.sitecoresandbox.cloud/api/public/content/7adf52ab24104270a7f878bd6f7cb931,7adf52ab24104270a7f878bd6f7cb931,registry|content,321451
trend-6.jpg,112565,112567,AOkM0N0vS125a5GIGrs4fQ,https://starter-verticals-2.sitecoresandbox.cloud/api/public/content/bbdae2d709a14d7ebdd2e75cbed3e555,bbdae2d709a14d7ebdd2e75cbed3e555,registry|content,511168
