SitecorePath,Title,YamlFile
/sitecore/content/asos,asos,collection/asos.yml
/sitecore/content/asos/asos,asos,asos/asos.yml
/sitecore/content/asos/asos/Data,Data,asos/asos/Data.yml
/sitecore/content/asos/asos/Data/Articles,Articles,asos/asos/Data/Articles.yml
/sitecore/content/asos/asos/Data/Articles/chocolate-denim,"Chocolate denim, worn in",asos/asos/Data/Articles/chocolate-denim.yml
/sitecore/content/asos/asos/Data/Articles/how-law-roach-styled-autumn,How Law Roach styled autumn,asos/asos/Data/Articles/how-law-roach-styled-autumn.yml
/sitecore/content/asos/asos/Data/Articles/what-to-wear-to-uni,What to wear to uni,asos/asos/Data/Articles/what-to-wear-to-uni.yml
/sitecore/content/asos/asos/Data/Articles/wide-leg-jeans-under-50,Wide-leg jeans under £50,asos/asos/Data/Articles/wide-leg-jeans-under-50.yml
/sitecore/content/asos/asos/Data/au,Australia,asos/asos/Data/au.yml
/sitecore/content/asos/asos/Data/au/women,Women,asos/asos/Data/au/women.yml
/sitecore/content/asos/asos/Data/Catalogue,Catalogue,asos/asos/Data/Catalogue.yml
/sitecore/content/asos/asos/Data/Catalogue/Categories,Categories,asos/asos/Data/Catalogue/Categories.yml
/sitecore/content/asos/asos/Data/Catalogue/Categories/Women,Women,asos/asos/Data/Catalogue/Categories/Women.yml
/sitecore/content/asos/asos/Data/Catalogue/Categories/Women/Dresses,Dresses,asos/asos/Data/Catalogue/Categories/Women/Dresses.yml
/sitecore/content/asos/asos/Data/Catalogue/Categories/Women/Dresses/Midi,Midi,asos/asos/Data/Catalogue/Categories/Women/Dresses/Midi.yml
/sitecore/content/asos/asos/Data/Catalogue/Products,Products,asos/asos/Data/Catalogue/Products.yml
/sitecore/content/asos/asos/Data/Catalogue/Products/8805001,8805001,asos/asos/Data/Catalogue/Products/8805001.yml
/sitecore/content/asos/asos/Data/Catalogue/Products/8805001/FitData,FitData,asos/asos/Data/Catalogue/Products/8805001/FitData.yml
/sitecore/content/asos/asos/Data/Catalogue/Products/8805001/Variants,Variants,asos/asos/Data/Catalogue/Products/8805001/Variants.yml
/sitecore/content/asos/asos/Data/Categories,Categories,asos/asos/Data/Categories.yml
/sitecore/content/asos/asos/Data/Categories/Attribute,Attribute,asos/asos/Data/Categories/Attribute.yml
/sitecore/content/asos/asos/Data/Categories/Attribute/colour,colour,asos/asos/Data/Categories/Attribute/colour.yml
/sitecore/content/asos/asos/Data/Categories/Attribute/leg-shape,leg-shape,asos/asos/Data/Categories/Attribute/leg-shape.yml
/sitecore/content/asos/asos/Data/Categories/Attribute/neckline,neckline,asos/asos/Data/Categories/Attribute/neckline.yml
/sitecore/content/asos/asos/Data/Categories/Attribute/rise,rise,asos/asos/Data/Categories/Attribute/rise.yml
/sitecore/content/asos/asos/Data/Categories/Attribute/sleeve-length,sleeve-length,asos/asos/Data/Categories/Attribute/sleeve-length.yml
/sitecore/content/asos/asos/Data/Categories/Brand,Brand,asos/asos/Data/Categories/Brand.yml
/sitecore/content/asos/asos/Data/Categories/Brand/adidas,adidas,asos/asos/Data/Categories/Brand/adidas.yml
/sitecore/content/asos/asos/Data/Categories/Brand/asos-design,asos-design,asos/asos/Data/Categories/Brand/asos-design.yml
/sitecore/content/asos/asos/Data/Categories/Brand/collusion,collusion,asos/asos/Data/Categories/Brand/collusion.yml
/sitecore/content/asos/asos/Data/Categories/Brand/topman,topman,asos/asos/Data/Categories/Brand/topman.yml
/sitecore/content/asos/asos/Data/Categories/Brand/topshop,topshop,asos/asos/Data/Categories/Brand/topshop.yml
/sitecore/content/asos/asos/Data/Categories/FitSegment,FitSegment,asos/asos/Data/Categories/FitSegment.yml
/sitecore/content/asos/asos/Data/Categories/FitSegment/adaptive,adaptive,asos/asos/Data/Categories/FitSegment/adaptive.yml
/sitecore/content/asos/asos/Data/Categories/FitSegment/curve,curve,asos/asos/Data/Categories/FitSegment/curve.yml
/sitecore/content/asos/asos/Data/Categories/FitSegment/fuller-bust,fuller-bust,asos/asos/Data/Categories/FitSegment/fuller-bust.yml
/sitecore/content/asos/asos/Data/Categories/FitSegment/maternity,maternity,asos/asos/Data/Categories/FitSegment/maternity.yml
/sitecore/content/asos/asos/Data/Categories/FitSegment/petite,petite,asos/asos/Data/Categories/FitSegment/petite.yml
/sitecore/content/asos/asos/Data/Categories/FitSegment/tall,tall,asos/asos/Data/Categories/FitSegment/tall.yml
/sitecore/content/asos/asos/Data/Categories/Gender,Gender,asos/asos/Data/Categories/Gender.yml
/sitecore/content/asos/asos/Data/Categories/Gender/men,men,asos/asos/Data/Categories/Gender/men.yml
/sitecore/content/asos/asos/Data/Categories/Gender/women,women,asos/asos/Data/Categories/Gender/women.yml
/sitecore/content/asos/asos/Data/Categories/Market,Market,asos/asos/Data/Categories/Market.yml
/sitecore/content/asos/asos/Data/Categories/Market/au,au,asos/asos/Data/Categories/Market/au.yml
/sitecore/content/asos/asos/Data/Categories/Market/de,de,asos/asos/Data/Categories/Market/de.yml
/sitecore/content/asos/asos/Data/Categories/Market/es,es,asos/asos/Data/Categories/Market/es.yml
/sitecore/content/asos/asos/Data/Categories/Market/fr,fr,asos/asos/Data/Categories/Market/fr.yml
/sitecore/content/asos/asos/Data/Categories/Market/it,it,asos/asos/Data/Categories/Market/it.yml
/sitecore/content/asos/asos/Data/Categories/Market/pl,pl,asos/asos/Data/Categories/Market/pl.yml
/sitecore/content/asos/asos/Data/Categories/Market/se,se,asos/asos/Data/Categories/Market/se.yml
/sitecore/content/asos/asos/Data/Categories/Market/uk,uk,asos/asos/Data/Categories/Market/uk.yml
/sitecore/content/asos/asos/Data/Categories/Market/us,us,asos/asos/Data/Categories/Market/us.yml
/sitecore/content/asos/asos/Data/Categories/Material,Material,asos/asos/Data/Categories/Material.yml
/sitecore/content/asos/asos/Data/Categories/Material/cotton,cotton,asos/asos/Data/Categories/Material/cotton.yml
/sitecore/content/asos/asos/Data/Categories/Material/leather,leather,asos/asos/Data/Categories/Material/leather.yml
/sitecore/content/asos/asos/Data/Categories/Material/linen,linen,asos/asos/Data/Categories/Material/linen.yml
/sitecore/content/asos/asos/Data/Categories/Material/satin,satin,asos/asos/Data/Categories/Material/satin.yml
/sitecore/content/asos/asos/Data/Categories/Occasion,Occasion,asos/asos/Data/Categories/Occasion.yml
/sitecore/content/asos/asos/Data/Categories/Occasion/festival,festival,asos/asos/Data/Categories/Occasion/festival.yml
/sitecore/content/asos/asos/Data/Categories/Occasion/holiday,holiday,asos/asos/Data/Categories/Occasion/holiday.yml
/sitecore/content/asos/asos/Data/Categories/Occasion/party,party,asos/asos/Data/Categories/Occasion/party.yml
/sitecore/content/asos/asos/Data/Categories/Occasion/wedding-guest,wedding-guest,asos/asos/Data/Categories/Occasion/wedding-guest.yml
/sitecore/content/asos/asos/Data/Categories/Occasion/workwear,workwear,asos/asos/Data/Categories/Occasion/workwear.yml
/sitecore/content/asos/asos/Data/Categories/ProductType,ProductType,asos/asos/Data/Categories/ProductType.yml
/sitecore/content/asos/asos/Data/Categories/ProductType/dresses,dresses,asos/asos/Data/Categories/ProductType/dresses.yml
/sitecore/content/asos/asos/Data/Categories/ProductType/jeans,jeans,asos/asos/Data/Categories/ProductType/jeans.yml
/sitecore/content/asos/asos/Data/Categories/ProductType/trainers,trainers,asos/asos/Data/Categories/ProductType/trainers.yml
/sitecore/content/asos/asos/Data/Categories/Trend,Trend,asos/asos/Data/Categories/Trend.yml
/sitecore/content/asos/asos/Data/Categories/Trend/check-stripe,check-stripe,asos/asos/Data/Categories/Trend/check-stripe.yml
/sitecore/content/asos/asos/Data/Categories/Trend/denim,denim,asos/asos/Data/Categories/Trend/denim.yml
/sitecore/content/asos/asos/Data/Categories/Trend/leather-suede,leather-suede,asos/asos/Data/Categories/Trend/leather-suede.yml
/sitecore/content/asos/asos/Data/Categories/Trend/power-suiting,power-suiting,asos/asos/Data/Categories/Trend/power-suiting.yml
/sitecore/content/asos/asos/Data/de,Deutschland,asos/asos/Data/de.yml
/sitecore/content/asos/asos/Data/de/women,Women,asos/asos/Data/de/women.yml
/sitecore/content/asos/asos/Data/HomeComponents,Home components,asos/asos/Data/HomeComponents.yml
/sitecore/content/asos/asos/Data/HomeComponents/Edit,Edit,asos/asos/Data/HomeComponents/Edit.yml
/sitecore/content/asos/asos/Data/HomeComponents/GlobalBanner,GlobalBanner,asos/asos/Data/HomeComponents/GlobalBanner.yml
/sitecore/content/asos/asos/Data/HomeComponents/HomeBanner,ASOS | This is ASOS,asos/asos/Data/HomeComponents/HomeBanner.yml
/sitecore/content/asos/asos/Data/HomeComponents/NewIn,NewIn,asos/asos/Data/HomeComponents/NewIn.yml
/sitecore/content/asos/asos/Data/HomeComponents/StyleFeed,StyleFeed,asos/asos/Data/HomeComponents/StyleFeed.yml
/sitecore/content/asos/asos/Data/HomeComponents/Subscribe,Subscribe,asos/asos/Data/HomeComponents/Subscribe.yml
/sitecore/content/asos/asos/Data/Images,Images,asos/asos/Data/Images.yml
/sitecore/content/asos/asos/Data/Link Lists,Link Lists,asos/asos/Data/Link Lists.yml
/sitecore/content/asos/asos/Data/Navigation Filters,Navigation Filters,asos/asos/Data/Navigation Filters.yml
/sitecore/content/asos/asos/Data/Promos,Promos,asos/asos/Data/Promos.yml
/sitecore/content/asos/asos/Data/Retired,Retired path folders,asos/asos/Data/Retired.yml
/sitecore/content/asos/asos/Data/Shared,Shared,asos/asos/Data/Shared.yml
/sitecore/content/asos/asos/Data/Shared/BrandKits,BrandKits,asos/asos/Data/Shared/BrandKits.yml
/sitecore/content/asos/asos/Data/Shared/BrandKits/ASOS,ASOS,asos/asos/Data/Shared/BrandKits/ASOS.yml
/sitecore/content/asos/asos/Data/Shared/BrandKits/Topshop,Topshop,asos/asos/Data/Shared/BrandKits/Topshop.yml
/sitecore/content/asos/asos/Data/Shared/Media,Media,asos/asos/Data/Shared/Media.yml
/sitecore/content/asos/asos/Data/Shared/Media/Crops,Crops,asos/asos/Data/Shared/Media/Crops.yml
/sitecore/content/asos/asos/Data/Shared/Media/Crops/16x9,16x9,asos/asos/Data/Shared/Media/Crops/16x9.yml
/sitecore/content/asos/asos/Data/Shared/Media/Crops/1x1,1x1,asos/asos/Data/Shared/Media/Crops/1x1.yml
/sitecore/content/asos/asos/Data/Shared/Media/Crops/4x5,4x5,asos/asos/Data/Shared/Media/Crops/4x5.yml
/sitecore/content/asos/asos/Data/Shared/Media/Crops/app-hero,app-hero,asos/asos/Data/Shared/Media/Crops/app-hero.yml
/sitecore/content/asos/asos/Data/Shared/Media/Editorial,Editorial,asos/asos/Data/Shared/Media/Editorial.yml
/sitecore/content/asos/asos/Data/Shared/Media/Product,Product,asos/asos/Data/Shared/Media/Product.yml
/sitecore/content/asos/asos/Data/Signals,Signals,asos/asos/Data/Signals.yml
/sitecore/content/asos/asos/Data/Signals/BoardCompositions,BoardCompositions,asos/asos/Data/Signals/BoardCompositions.yml
/sitecore/content/asos/asos/Data/Signals/BoardCompositions/berlin-october,berlin-october,asos/asos/Data/Signals/BoardCompositions/berlin-october.yml
/sitecore/content/asos/asos/Data/Signals/ContentScores,ContentScores,asos/asos/Data/Signals/ContentScores.yml
/sitecore/content/asos/asos/Data/Signals/ContentScores/8805001,8805001,asos/asos/Data/Signals/ContentScores/8805001.yml
/sitecore/content/asos/asos/Data/Signals/ReturnReasons,ReturnReasons,asos/asos/Data/Signals/ReturnReasons.yml
/sitecore/content/asos/asos/Data/Signals/ReturnReasons/size-delta,size-delta,asos/asos/Data/Signals/ReturnReasons/size-delta.yml
/sitecore/content/asos/asos/Data/Signals/SaveEvents,SaveEvents,asos/asos/Data/Signals/SaveEvents.yml
/sitecore/content/asos/asos/Data/Signals/SaveEvents/8805001-uk-8,8805001-uk-8,asos/asos/Data/Signals/SaveEvents/8805001-uk-8.yml
/sitecore/content/asos/asos/Data/Sites,Sites,asos/asos/Data/Sites.yml
/sitecore/content/asos/asos/Data/Sites/ASOS,ASOS,asos/asos/Data/Sites/ASOS.yml
/sitecore/content/asos/asos/Data/Sites/ASOS/Account,Account,asos/asos/Data/Sites/ASOS/Account.yml
/sitecore/content/asos/asos/Data/Sites/ASOS/Account/Fit profile,Fit profile,asos/asos/Data/Sites/ASOS/Account/Fit profile.yml
/sitecore/content/asos/asos/Data/Sites/ASOS/Account/Preferences,Preferences,asos/asos/Data/Sites/ASOS/Account/Preferences.yml
/sitecore/content/asos/asos/Data/Sites/ASOS/Account/Saved lists,Saved lists,asos/asos/Data/Sites/ASOS/Account/Saved lists.yml
/sitecore/content/asos/asos/Data/Sites/ASOS/Boards,Boards,asos/asos/Data/Sites/ASOS/Boards.yml
/sitecore/content/asos/asos/Data/Sites/ASOS/Boards/2cef0973-eb40-4f9e-a4fe-76e8b69764ba,2cef0973-eb40-4f9e-a4fe-76e8b69764ba,asos/asos/Data/Sites/ASOS/Boards/2cef0973-eb40-4f9e-a4fe-76e8b69764ba.yml
/sitecore/content/asos/asos/Data/Sites/ASOS/Boards/e5ebfcdb-7e61-473f-afc8-b0c973561d04,e5ebfcdb-7e61-473f-afc8-b0c973561d04,asos/asos/Data/Sites/ASOS/Boards/e5ebfcdb-7e61-473f-afc8-b0c973561d04.yml
/sitecore/content/asos/asos/Data/Sites/ASOS/Campaigns,Campaigns,asos/asos/Data/Sites/ASOS/Campaigns.yml
/sitecore/content/asos/asos/Data/Sites/ASOS/Edits,Edits,asos/asos/Data/Sites/ASOS/Edits.yml
/sitecore/content/asos/asos/Data/Sites/ASOS/Edits/New In Selling Fast,New In Selling Fast,asos/asos/Data/Sites/ASOS/Edits/New In Selling Fast.yml
/sitecore/content/asos/asos/Data/Sites/ASOS/Edits/New season colours,New season colours,asos/asos/Data/Sites/ASOS/Edits/New season colours.yml
/sitecore/content/asos/asos/Data/Sites/ASOS/Edits/New-season edit,New-season edit,asos/asos/Data/Sites/ASOS/Edits/New-season edit.yml
/sitecore/content/asos/asos/Data/Sites/ASOS/Edits/September Shift,September Shift,asos/asos/Data/Sites/ASOS/Edits/September Shift.yml
/sitecore/content/asos/asos/Data/Sites/ASOS/Home,Home,asos/asos/Data/Sites/ASOS/Home.yml
/sitecore/content/asos/asos/Data/Sites/ASOS/Listings,Listings,asos/asos/Data/Sites/ASOS/Listings.yml
/sitecore/content/asos/asos/Data/Sites/ASOS/Men,Men,asos/asos/Data/Sites/ASOS/Men.yml
/sitecore/content/asos/asos/Data/Sites/ASOS/StyleFeed,StyleFeed,asos/asos/Data/Sites/ASOS/StyleFeed.yml
/sitecore/content/asos/asos/Data/Sites/ASOS/Women,Women,asos/asos/Data/Sites/ASOS/Women.yml
/sitecore/content/asos/asos/Data/Sites/Topshop,Topshop,asos/asos/Data/Sites/Topshop.yml
/sitecore/content/asos/asos/Data/Sites/Topshop/Account,Account,asos/asos/Data/Sites/Topshop/Account.yml
/sitecore/content/asos/asos/Data/Sites/Topshop/Account/Fit profile,Fit profile,asos/asos/Data/Sites/Topshop/Account/Fit profile.yml
/sitecore/content/asos/asos/Data/Sites/Topshop/Account/Preferences,Preferences,asos/asos/Data/Sites/Topshop/Account/Preferences.yml
/sitecore/content/asos/asos/Data/Sites/Topshop/Account/Saved lists,Saved lists,asos/asos/Data/Sites/Topshop/Account/Saved lists.yml
/sitecore/content/asos/asos/Data/Sites/Topshop/Boards,Boards,asos/asos/Data/Sites/Topshop/Boards.yml
/sitecore/content/asos/asos/Data/Sites/Topshop/Campaigns,Campaigns,asos/asos/Data/Sites/Topshop/Campaigns.yml
/sitecore/content/asos/asos/Data/Sites/Topshop/Edits,Edits,asos/asos/Data/Sites/Topshop/Edits.yml
/sitecore/content/asos/asos/Data/Sites/Topshop/Home,Home,asos/asos/Data/Sites/Topshop/Home.yml
/sitecore/content/asos/asos/Data/Sites/Topshop/Listings,Listings,asos/asos/Data/Sites/Topshop/Listings.yml
/sitecore/content/asos/asos/Data/Sites/Topshop/Men,Men,asos/asos/Data/Sites/Topshop/Men.yml
/sitecore/content/asos/asos/Data/Sites/Topshop/StyleFeed,StyleFeed,asos/asos/Data/Sites/Topshop/StyleFeed.yml
/sitecore/content/asos/asos/Data/Sites/Topshop/Women,Women,asos/asos/Data/Sites/Topshop/Women.yml
/sitecore/content/asos/asos/Data/Tags,Tags,asos/asos/Data/Tags.yml
/sitecore/content/asos/asos/Data/Texts,Texts,asos/asos/Data/Texts.yml
/sitecore/content/asos/asos/Data/us,United States,asos/asos/Data/us.yml
/sitecore/content/asos/asos/Data/us/women,Women,asos/asos/Data/us/women.yml
/sitecore/content/asos/asos/Dictionary,Dictionary,asos/asos/Dictionary.yml
/sitecore/content/asos/asos/Home,ASOS | This is ASOS,asos/asos/Home.yml
/sitecore/content/asos/asos/Home/account,Account,asos/asos/Home/account.yml
/sitecore/content/asos/asos/Home/bag,Bag,asos/asos/Home/bag.yml
/sitecore/content/asos/asos/Home/curation-insight,Curation insight,asos/asos/Home/curation-insight.yml
/sitecore/content/asos/asos/Home/edits,edits,asos/asos/Home/edits.yml
/sitecore/content/asos/asos/Home/edits/chocolate,Chocolate,asos/asos/Home/edits/chocolate.yml
/sitecore/content/asos/asos/Home/edits/festival-2-0,Festival 2.0,asos/asos/Home/edits/festival-2-0.yml
/sitecore/content/asos/asos/Home/edits/polka-dot,Polka dot,asos/asos/Home/edits/polka-dot.yml
/sitecore/content/asos/asos/Home/edits/rugby-tops,Rugby tops,asos/asos/Home/edits/rugby-tops.yml
/sitecore/content/asos/asos/Home/edits/the-denim-drop,The denim drop,asos/asos/Home/edits/the-denim-drop.yml
/sitecore/content/asos/asos/Home/edits/topshop-catwalk,Topshop Catwalk,asos/asos/Home/edits/topshop-catwalk.yml
/sitecore/content/asos/asos/Home/edits/your-new-uniform,Your new uniform,asos/asos/Home/edits/your-new-uniform.yml
/sitecore/content/asos/asos/Home/men,Men,asos/asos/Home/men.yml
/sitecore/content/asos/asos/Home/my-edit,My Edit,asos/asos/Home/my-edit.yml
/sitecore/content/asos/asos/Home/petite-denim,Petite denim,asos/asos/Home/petite-denim.yml
/sitecore/content/asos/asos/Home/Products,Products,asos/asos/Home/Products.yml
/sitecore/content/asos/asos/Home/Products/adidas-originals-firebird-denim-track-top-in-indigo,adidas Originals firebird denim track top in indigo,asos/asos/Home/Products/adidas-originals-firebird-denim-track-top-in-indigo.yml
/sitecore/content/asos/asos/Home/Products/asos-design-80s-seam-detail-barrel-jean-in-mid-wash-blue,ASOS DESIGN 80's seam detail barrel jean in mid wash blue,asos/09F655C04A8E26BC/asos-design-80s-seam-detail-barrel-jean-in-mid-wash-blue.yml
/sitecore/content/asos/asos/Home/Products/asos-design-baggy-wide-leg-jean-in-mocha,ASOS DESIGN baggy wide leg jean in mocha,asos/asos/Home/Products/asos-design-baggy-wide-leg-jean-in-mocha.yml
/sitecore/content/asos/asos/Home/Products/asos-design-baggy-wide-leg-jean-in-rinse,ASOS DESIGN baggy wide leg jean in rinse,asos/asos/Home/Products/asos-design-baggy-wide-leg-jean-in-rinse.yml
/sitecore/content/asos/asos/Home/Products/asos-design-barrel-jean-in-polka-dot,ASOS DESIGN barrel jean in polka dot,asos/asos/Home/Products/asos-design-barrel-jean-in-polka-dot.yml
/sitecore/content/asos/asos/Home/Products/asos-design-barrel-jean-in-polka-dot-211449547,ASOS DESIGN barrel jean in polka dot,asos/asos/Home/Products/asos-design-barrel-jean-in-polka-dot-211449547.yml
/sitecore/content/asos/asos/Home/Products/asos-design-barrel-leg-jean-with-adjustable-waist-in-darkwash,ASOS DESIGN barrel leg jean with adjustable waist in darkwash,asos/09F655C04A8E26BC/asos-design-barrel-leg-jean-with-adjustable-waist-in-darkwash.yml
/sitecore/content/asos/asos/Home/Products/asos-design-bow-barrel-jean-in-espresso,ASOS DESIGN bow barrel jean in espresso,asos/asos/Home/Products/asos-design-bow-barrel-jean-in-espresso.yml
/sitecore/content/asos/asos/Home/Products/asos-design-bow-barrel-jean-in-khaki,ASOS DESIGN bow barrel jean in khaki,asos/asos/Home/Products/asos-design-bow-barrel-jean-in-khaki.yml
/sitecore/content/asos/asos/Home/Products/asos-design-capri-in-washed-denim,ASOS DESIGN capri in washed denim,asos/asos/Home/Products/asos-design-capri-in-washed-denim.yml
/sitecore/content/asos/asos/Home/Products/asos-design-cinched-waist-structured-denim-mini-dress-in-rinse-wash,ASOS DESIGN cinched waist structured denim mini dress in rinse wash,asos/09F655C04A8E26BC/asos-design-cinched-waist-structured-denim-mini-dress-in-rinse-wash.yml
/sitecore/content/asos/asos/Home/Products/asos-design-comfort-stretch-straight-leg-jean-in-black,ASOS DESIGN comfort stretch straight leg jean in black,asos/asos/Home/Products/asos-design-comfort-stretch-straight-leg-jean-in-black.yml
/sitecore/content/asos/asos/Home/Products/asos-design-comfort-stretch-straight-leg-jean-in-dark-vintage-wash,ASOS DESIGN comfort stretch straight leg jean in dark vintage wash,asos/09F655C04A8E26BC/asos-design-comfort-stretch-straight-leg-jean-in-dark-vintage-wash.yml
/sitecore/content/asos/asos/Home/Products/asos-design-comfort-stretch-straight-leg-jean-in-mid-blue,ASOS DESIGN comfort stretch straight leg jean in mid blue,asos/09F655C04A8E26BC/asos-design-comfort-stretch-straight-leg-jean-in-mid-blue.yml
/sitecore/content/asos/asos/Home/Products/asos-design-comfort-stretch-straight-leg-jean-in-rinse,ASOS DESIGN comfort stretch straight leg jean in rinse,asos/asos/Home/Products/asos-design-comfort-stretch-straight-leg-jean-in-rinse.yml
/sitecore/content/asos/asos/Home/Products/asos-design-curve-comfort-stretch-straight-leg-jean-in-authentic-mid-blue,ASOS Curve ASOS DESIGN Curve comfort stretch straight leg jean in authentic mid blue,asos/09F655C04A8E26BC/asos-design-curve-comfort-stretch-straight-leg-jean-in-authentic-mid-blue.yml
/sitecore/content/asos/asos/Home/Products/asos-design-denim-bodycon-slash-neck-midi-dress-in-mid-blue,ASOS DESIGN denim bodycon slash neck midi dress in mid blue,asos/09F655C04A8E26BC/asos-design-denim-bodycon-slash-neck-midi-dress-in-mid-blue.yml
/sitecore/content/asos/asos/Home/Products/asos-design-denim-crop-shirt-in-khaki,ASOS DESIGN denim crop shirt in khaki,asos/asos/Home/Products/asos-design-denim-crop-shirt-in-khaki.yml
/sitecore/content/asos/asos/Home/Products/asos-design-denim-dad-short-in-washed-black,ASOS DESIGN denim dad short in washed black,asos/asos/Home/Products/asos-design-denim-dad-short-in-washed-black.yml
/sitecore/content/asos/asos/Home/Products/asos-design-denim-oversized-traditional-shirt-in-mid-blue,ASOS DESIGN denim oversized traditional shirt in mid blue,asos/09F655C04A8E26BC/asos-design-denim-oversized-traditional-shirt-in-mid-blue.yml
/sitecore/content/asos/asos/Home/Products/asos-design-denim-seamed-shift-dress-in-washed-black,ASOS DESIGN denim seamed shift dress in washed black,asos/asos/Home/Products/asos-design-denim-seamed-shift-dress-in-washed-black.yml
/sitecore/content/asos/asos/Home/Products/asos-design-denim-zip-through-collar-mini-dress-in-washed-black,ASOS DESIGN denim zip through collar mini dress in washed black,asos/09F655C04A8E26BC/asos-design-denim-zip-through-collar-mini-dress-in-washed-black.yml
/sitecore/content/asos/asos/Home/Products/asos-design-horseshoe-barrel-leg-jean-in-camo-print,ASOS DESIGN horseshoe barrel leg jean in camo print,asos/asos/Home/Products/asos-design-horseshoe-barrel-leg-jean-in-camo-print.yml
/sitecore/content/asos/asos/Home/Products/asos-design-mandarin-collar-denim-top,ASOS DESIGN mandarin collar denim top,asos/asos/Home/Products/asos-design-mandarin-collar-denim-top.yml
/sitecore/content/asos/asos/Home/Products/asos-design-oversized-horseshoe-jean-in-rinse-wash,ASOS DESIGN oversized horseshoe jean in rinse wash,asos/asos/Home/Products/asos-design-oversized-horseshoe-jean-in-rinse-wash.yml
/sitecore/content/asos/asos/Home/Products/asos-design-petite-comfort-stretch-straight-leg-jean-in-black,ASOS Petite ASOS DESIGN Petite comfort stretch straight leg jean in black,asos/09F655C04A8E26BC/asos-design-petite-comfort-stretch-straight-leg-jean-in-black.yml
/sitecore/content/asos/asos/Home/Products/asos-design-petite-comfort-stretch-straight-leg-jean-in-dark-vintage-wash,ASOS Petite ASOS DESIGN Petite comfort stretch straight leg jean in dark vintage wash,asos/09F655C04A8E26BC/asos-design-petite-comfort-stretch-straight-leg-jean-in-dark-vintage-wash.yml
/sitecore/content/asos/asos/Home/Products/asos-design-petite-comfort-stretch-straight-leg-jean-in-mid-blue,ASOS Petite ASOS DESIGN Petite comfort stretch straight leg jean in mid blue,asos/09F655C04A8E26BC/asos-design-petite-comfort-stretch-straight-leg-jean-in-mid-blue.yml
/sitecore/content/asos/asos/Home/Products/asos-design-petite-slim-barrel-jean-in-rinse,ASOS Petite ASOS DESIGN Petite slim barrel jean in rinse,asos/asos/Home/Products/asos-design-petite-slim-barrel-jean-in-rinse.yml
/sitecore/content/asos/asos/Home/Products/asos-design-roll-up-hem-slouch-jean-in-navy,ASOS DESIGN roll up hem slouch jean in navy,asos/asos/Home/Products/asos-design-roll-up-hem-slouch-jean-in-navy.yml
/sitecore/content/asos/asos/Home/Products/asos-design-slim-barrel-jean-in-dark-blue,ASOS DESIGN slim barrel jean in dark blue,asos/asos/Home/Products/asos-design-slim-barrel-jean-in-dark-blue.yml
/sitecore/content/asos/asos/Home/Products/asos-design-straight-leg-full-length-jean-in-light-wash-blue,ASOS DESIGN straight leg full length jean in light wash blue,asos/09F655C04A8E26BC/asos-design-straight-leg-full-length-jean-in-light-wash-blue.yml
/sitecore/content/asos/asos/Home/Products/asos-design-straight-wide-leg-jeans-in-dark-mid-wash,ASOS DESIGN straight wide leg jeans in dark mid wash,asos/asos/Home/Products/asos-design-straight-wide-leg-jeans-in-dark-mid-wash.yml
/sitecore/content/asos/asos/Home/Products/asos-design-tall-straight-wide-leg-jeans-in-mid-wash-blue,ASOS DESIGN Tall straight wide leg jeans in mid wash blue,asos/09F655C04A8E26BC/asos-design-tall-straight-wide-leg-jeans-in-mid-wash-blue.yml
/sitecore/content/asos/asos/Home/Products/asos-design-utility-cargo-jean-in-midwash-blue,ASOS DESIGN utility cargo jean in midwash blue,asos/asos/Home/Products/asos-design-utility-cargo-jean-in-midwash-blue.yml
/sitecore/content/asos/asos/Home/Products/bershka-baggy-jeans-in-denim-blue,Bershka Baggy jeans in denim blue,asos/asos/Home/Products/bershka-baggy-jeans-in-denim-blue.yml
/sitecore/content/asos/asos/Home/Products/bershka-boot-cut-jeans-in-denim-blue,Bershka Boot-cut jeans in denim blue,asos/asos/Home/Products/bershka-boot-cut-jeans-in-denim-blue.yml
/sitecore/content/asos/asos/Home/Products/bershka-denim-midi-dress-in-blue,Bershka Denim midi dress in blue,asos/asos/Home/Products/bershka-denim-midi-dress-in-blue.yml
/sitecore/content/asos/asos/Home/Products/bershka-high-waist-wide-straight-leg-jeans-in-denim-blue,Bershka High-waist wide straight-leg jeans in denim blue,asos/09F655C04A8E26BC/bershka-high-waist-wide-straight-leg-jeans-in-denim-blue.yml
/sitecore/content/asos/asos/Home/Products/bershka-petite-wide-leg-cross-waist-jeans-in-denim-blue,Bershka Petite wide-leg cross-waist jeans in denim blue,asos/asos/Home/Products/bershka-petite-wide-leg-cross-waist-jeans-in-denim-blue.yml
/sitecore/content/asos/asos/Home/Products/bershka-straight-fit-jeans-in-denim-blue,Bershka straight fit jeans in denim blue,asos/asos/Home/Products/bershka-straight-fit-jeans-in-denim-blue.yml
/sitecore/content/asos/asos/Home/Products/bershka-super-high-waist-soft-skinny-jeans-in-denim-blue,Bershka Super high-waist soft skinny jeans in denim blue,asos/09F655C04A8E26BC/bershka-super-high-waist-soft-skinny-jeans-in-denim-blue.yml
/sitecore/content/asos/asos/Home/Products/bershka-wide-leg-cross-waist-jeans-in-denim-blue,Bershka Wide-leg cross-waist jeans in denim blue,asos/asos/Home/Products/bershka-wide-leg-cross-waist-jeans-in-denim-blue.yml
/sitecore/content/asos/asos/Home/Products/bershka-wide-leg-jeans-in-denim-blue,Bershka wide leg jeans in denim blue,asos/asos/Home/Products/bershka-wide-leg-jeans-in-denim-blue.yml
/sitecore/content/asos/asos/Home/Products/collusion-plus-x001-antifit-jean-in-stonewash,COLLUSION Plus X001 antifit jean in stonewash,asos/asos/Home/Products/collusion-plus-x001-antifit-jean-in-stonewash.yml
/sitecore/content/asos/asos/Home/Products/collusion-plus-x001-antifit-mid-rise-jean-in-rinse,COLLUSION Plus X001 antifit mid rise jean in rinse,asos/asos/Home/Products/collusion-plus-x001-antifit-mid-rise-jean-in-rinse.yml
/sitecore/content/asos/asos/Home/Products/collusion-plus-x001-antifit-mid-rise-jean-in-washed-black,COLLUSION Plus X001 antifit mid rise jean in washed black,asos/09F655C04A8E26BC/collusion-plus-x001-antifit-mid-rise-jean-in-washed-black.yml
/sitecore/content/asos/asos/Home/Products/collusion-wide-leg-chambray-denim-jean-in-rinse-wash,COLLUSION wide leg chambray denim jean in rinse wash,asos/asos/Home/Products/collusion-wide-leg-chambray-denim-jean-in-rinse-wash.yml
/sitecore/content/asos/asos/Home/Products/collusion-x001-antifit-mid-rise-jean-in-dark-navy,COLLUSION X001 antifit mid rise jean in dark navy,asos/asos/Home/Products/collusion-x001-antifit-mid-rise-jean-in-dark-navy.yml
/sitecore/content/asos/asos/Home/Products/collusion-x001-antifit-mid-rise-jean-in-mid-blue,COLLUSION X001 antifit mid rise jean in mid blue,asos/asos/Home/Products/collusion-x001-antifit-mid-rise-jean-in-mid-blue.yml
/sitecore/content/asos/asos/Home/Products/collusion-x001-antifit-mid-rise-jean-in-washed-black,COLLUSION X001 antifit mid rise jean in washed black,asos/asos/Home/Products/collusion-x001-antifit-mid-rise-jean-in-washed-black.yml
/sitecore/content/asos/asos/Home/Products/cotton-on-low-rise-wide-jean-in-inkstone-blue,Cotton On low rise wide jean in inkstone blue,asos/asos/Home/Products/cotton-on-low-rise-wide-jean-in-inkstone-blue.yml
/sitecore/content/asos/asos/Home/Products/desigual-amalfi-jeans-trousers-in-blue,Desigual Amalfi jeans trousers in blue,asos/asos/Home/Products/desigual-amalfi-jeans-trousers-in-blue.yml
/sitecore/content/asos/asos/Home/Products/desigual-jeans-in-blue-mblue,Desigual Jeans in blue - MBLUE,asos/asos/Home/Products/desigual-jeans-in-blue-mblue.yml
/sitecore/content/asos/asos/Home/Products/desigual-mickey-culotte-jeans-in-blue,Desigual Mickey™ culotte jeans in blue,asos/asos/Home/Products/desigual-mickey-culotte-jeans-in-blue.yml
/sitecore/content/asos/asos/Home/Products/dr-denim-addy-mid-straight-jeans-in-light-blue,Dr Denim Addy mid straight jeans in light blue,asos/asos/Home/Products/dr-denim-addy-mid-straight-jeans-in-light-blue.yml
/sitecore/content/asos/asos/Home/Products/dr-denim-ara-skirt-in-black,Dr Denim Ara skirt in black,asos/asos/Home/Products/dr-denim-ara-skirt-in-black.yml
/sitecore/content/asos/asos/Home/Products/dr-denim-becky-jacket-in-brown,Dr Denim Becky jacket in brown,asos/asos/Home/Products/dr-denim-becky-jacket-in-brown.yml
/sitecore/content/asos/asos/Home/Products/dr-denim-becky-jacket-in-natural,Dr Denim Becky jacket in natural,asos/asos/Home/Products/dr-denim-becky-jacket-in-natural.yml
/sitecore/content/asos/asos/Home/Products/dr-denim-bella-shorts-in-light-blue,Dr Denim Bella shorts in light blue,asos/asos/Home/Products/dr-denim-bella-shorts-in-light-blue.yml
/sitecore/content/asos/asos/Home/Products/dr-denim-bree-shorts-in-blue,Dr Denim Bree shorts in blue,asos/asos/Home/Products/dr-denim-bree-shorts-in-blue.yml
/sitecore/content/asos/asos/Home/Products/dr-denim-bree-worker-shorts-in-blue,Dr Denim Bree worker shorts in blue,asos/asos/Home/Products/dr-denim-bree-worker-shorts-in-blue.yml
/sitecore/content/asos/asos/Home/Products/dr-denim-bree-worker-shorts-in-light-blue,Dr Denim Bree worker shorts in light blue,asos/asos/Home/Products/dr-denim-bree-worker-shorts-in-light-blue.yml
/sitecore/content/asos/asos/Home/Products/dr-denim-calista-dress-in-blue,Dr Denim Calista dress in blue,asos/asos/Home/Products/dr-denim-calista-dress-in-blue.yml
/sitecore/content/asos/asos/Home/Products/dr-denim-calista-dress-in-blue-211662521,Dr Denim Calista dress in blue,asos/asos/Home/Products/dr-denim-calista-dress-in-blue-211662521.yml
/sitecore/content/asos/asos/Home/Products/dr-denim-carlisle-dress-in-blue,Dr Denim Carlisle dress in blue,asos/asos/Home/Products/dr-denim-carlisle-dress-in-blue.yml
/sitecore/content/asos/asos/Home/Products/dr-denim-cormac-baggy-jeans-in-blue,Dr Denim Cormac baggy jeans in blue,asos/asos/Home/Products/dr-denim-cormac-baggy-jeans-in-blue.yml
/sitecore/content/asos/asos/Home/Products/dr-denim-dace-mid-wide-capri-jeans-in-blue,Dr Denim Dace mid wide capri jeans in blue,asos/asos/Home/Products/dr-denim-dace-mid-wide-capri-jeans-in-blue.yml
/sitecore/content/asos/asos/Home/Products/dr-denim-dash-shorts-in-blue,Dr Denim Dash shorts in blue,asos/asos/Home/Products/dr-denim-dash-shorts-in-blue.yml
/sitecore/content/asos/asos/Home/Products/dr-denim-dash-shorts-in-blue-211793076,Dr Denim Dash shorts in blue,asos/asos/Home/Products/dr-denim-dash-shorts-in-blue-211793076.yml
/sitecore/content/asos/asos/Home/Products/dr-denim-dash-straight-jeans-in-grey,Dr Denim Dash straight jeans in grey,asos/asos/Home/Products/dr-denim-dash-straight-jeans-in-grey.yml
/sitecore/content/asos/asos/Home/Products/dr-denim-donna-high-relaxed-jeans-in-blue,Dr Denim Donna high relaxed jeans in blue,asos/asos/Home/Products/dr-denim-donna-high-relaxed-jeans-in-blue.yml
/sitecore/content/asos/asos/Home/Products/dr-denim-dr-denim-hill-low-relaxed-jeans-haze-light-retro-in-haze-light-retro,Dr Denim Dr. denim hill low relaxed jeans - haze light retro in haze light retro,asos/09F655C04A8E26BC/dr-denim-dr-denim-hill-low-relaxed-jeans-haze-light-retro-in-haze-light-retro.yml
/sitecore/content/asos/asos/Home/Products/dr-denim-dr-denim-joey-trucker-jacket-stream-sky-aged-in-stream-sky-aged,Dr Denim Dr. denim joey trucker jacket - stream sky aged in stream sky aged,asos/09F655C04A8E26BC/dr-denim-dr-denim-joey-trucker-jacket-stream-sky-aged-in-stream-sky-aged.yml
/sitecore/content/asos/asos/Home/Products/dr-denim-echo-high-straight-jeans-in-black,Dr Denim Echo high straight jeans in black,asos/asos/Home/Products/dr-denim-echo-high-straight-jeans-in-black.yml
/sitecore/content/asos/asos/Home/Products/dr-denim-echo-high-straight-jeans-in-brown,Dr Denim Echo high straight jeans in brown,asos/asos/Home/Products/dr-denim-echo-high-straight-jeans-in-brown.yml
/sitecore/content/asos/asos/Home/Products/dr-denim-echo-high-straight-jeans-in-light-blue,Dr Denim Echo high straight jeans in light blue,asos/asos/Home/Products/dr-denim-echo-high-straight-jeans-in-light-blue.yml
/sitecore/content/asos/asos/Home/Products/dr-denim-echo-high-straight-jeans-in-light-blue-211792804,Dr Denim Echo high straight jeans in light blue,asos/09F655C04A8E26BC/dr-denim-echo-high-straight-jeans-in-light-blue-211792804.yml
/sitecore/content/asos/asos/Home/Products/dr-denim-elba-mid-bootcut-jeans-in-light-blue,Dr Denim Elba mid bootcut jeans in light blue,asos/asos/Home/Products/dr-denim-elba-mid-bootcut-jeans-in-light-blue.yml
/sitecore/content/asos/asos/Home/Products/dr-denim-evon-worker-jacket-in-black,Dr Denim Evon worker jacket in black,asos/asos/Home/Products/dr-denim-evon-worker-jacket-in-black.yml
/sitecore/content/asos/asos/Home/Products/dr-denim-hill-low-relaxed-jeans-in-light-blue,Dr Denim Hill low relaxed jeans in light blue,asos/asos/Home/Products/dr-denim-hill-low-relaxed-jeans-in-light-blue.yml
/sitecore/content/asos/asos/Home/Products/dr-denim-hill-low-relaxed-jeans-in-natural,Dr Denim Hill low relaxed jeans in natural,asos/asos/Home/Products/dr-denim-hill-low-relaxed-jeans-in-natural.yml
/sitecore/content/asos/asos/Home/Products/dr-denim-hill-shorts-in-grey,Dr Denim Hill shorts in grey,asos/asos/Home/Products/dr-denim-hill-shorts-in-grey.yml
/sitecore/content/asos/asos/Home/Products/dr-denim-hill-shorts-in-light-blue,Dr Denim Hill shorts in light blue,asos/asos/Home/Products/dr-denim-hill-shorts-in-light-blue.yml
/sitecore/content/asos/asos/Home/Products/dr-denim-jena-double-knee-jeans-in-grey,Dr Denim Jena double knee jeans in grey,asos/asos/Home/Products/dr-denim-jena-double-knee-jeans-in-grey.yml
/sitecore/content/asos/asos/Home/Products/dr-denim-joanna-skirt-in-navy-blue,Dr Denim Joanna skirt in navy blue,asos/asos/Home/Products/dr-denim-joanna-skirt-in-navy-blue.yml
/sitecore/content/asos/asos/Home/Products/dr-denim-lexy-mid-skinny-jeans-in-black,Dr Denim Lexy mid skinny jeans in black,asos/asos/Home/Products/dr-denim-lexy-mid-skinny-jeans-in-black.yml
/sitecore/content/asos/asos/Home/Products/dr-denim-lexy-mid-skinny-jeans-in-black-211792849,Dr Denim Lexy mid skinny jeans in black,asos/asos/Home/Products/dr-denim-lexy-mid-skinny-jeans-in-black-211792849.yml
/sitecore/content/asos/asos/Home/Products/dr-denim-lexy-petite-skinny-jeans-in-black,Dr Denim Lexy petite skinny jeans in black,asos/asos/Home/Products/dr-denim-lexy-petite-skinny-jeans-in-black.yml
/sitecore/content/asos/asos/Home/Products/dr-denim-moxy-high-flare-jeans-in-black,Dr Denim Moxy high flare jeans in black,asos/asos/Home/Products/dr-denim-moxy-high-flare-jeans-in-black.yml
/sitecore/content/asos/asos/Home/Products/dr-denim-moxy-high-skinny-jeans-in-black,Dr Denim Moxy high skinny jeans in black,asos/asos/Home/Products/dr-denim-moxy-high-skinny-jeans-in-black.yml
/sitecore/content/asos/asos/Home/Products/dr-denim-moxy-high-skinny-jeans-in-blue,Dr Denim Moxy high skinny jeans in blue,asos/asos/Home/Products/dr-denim-moxy-high-skinny-jeans-in-blue.yml
/sitecore/content/asos/asos/Home/Products/dr-denim-moxy-high-straight-jeans-in-black,Dr Denim Moxy high straight jeans in black,asos/asos/Home/Products/dr-denim-moxy-high-straight-jeans-in-black.yml
/sitecore/content/asos/asos/Home/Products/dr-denim-moxy-high-straight-jeans-in-black-211792860,Dr Denim Moxy high straight jeans in black,asos/asos/Home/Products/dr-denim-moxy-high-straight-jeans-in-black-211792860.yml
/sitecore/content/asos/asos/Home/Products/dr-denim-moxy-high-straight-jeans-in-blue,Dr Denim Moxy high straight jeans in blue,asos/asos/Home/Products/dr-denim-moxy-high-straight-jeans-in-blue.yml
/sitecore/content/asos/asos/Home/Products/dr-denim-moxy-tall-skinny-jeans-in-black,Dr Denim Moxy tall skinny jeans in black,asos/asos/Home/Products/dr-denim-moxy-tall-skinny-jeans-in-black.yml
/sitecore/content/asos/asos/Home/Products/dr-denim-nora-shorts-in-black,Dr Denim Nora shorts in black,asos/asos/Home/Products/dr-denim-nora-shorts-in-black.yml
/sitecore/content/asos/asos/Home/Products/dr-denim-nora-shorts-in-light-blue,Dr Denim Nora shorts in light blue,asos/asos/Home/Products/dr-denim-nora-shorts-in-light-blue.yml
/sitecore/content/asos/asos/Home/Products/dr-denim-omar-relaxed-jeans-in-blue,Dr Denim Omar relaxed jeans in blue,asos/asos/Home/Products/dr-denim-omar-relaxed-jeans-in-blue.yml
/sitecore/content/asos/asos/Home/Products/dr-denim-omar-shorts-in-blue,Dr Denim Omar shorts in blue,asos/asos/Home/Products/dr-denim-omar-shorts-in-blue.yml
/sitecore/content/asos/asos/Home/Products/dr-denim-omar-shorts-in-grey,Dr Denim Omar shorts in grey,asos/asos/Home/Products/dr-denim-omar-shorts-in-grey.yml
/sitecore/content/asos/asos/Home/Products/dr-denim-omar-shorts-in-light-blue,Dr Denim Omar shorts in light blue,asos/asos/Home/Products/dr-denim-omar-shorts-in-light-blue.yml
/sitecore/content/asos/asos/Home/Products/dr-denim-omar-shorts-in-natural,Dr Denim Omar shorts in natural,asos/asos/Home/Products/dr-denim-omar-shorts-in-natural.yml
/sitecore/content/asos/asos/Home/Products/dr-denim-ray-denim-shirt-in-blue,Dr Denim Ray denim shirt in blue,asos/asos/Home/Products/dr-denim-ray-denim-shirt-in-blue.yml
/sitecore/content/asos/asos/Home/Products/dr-denim-renay-skirt-in-blue,Dr Denim Renay skirt in blue,asos/asos/Home/Products/dr-denim-renay-skirt-in-blue.yml
/sitecore/content/asos/asos/Home/Products/dr-denim-rhue-low-wide-jeans-in-blue,Dr Denim Rhue low wide jeans in blue,asos/asos/Home/Products/dr-denim-rhue-low-wide-jeans-in-blue.yml
/sitecore/content/asos/asos/Home/Products/dr-denim-rhue-low-wide-jeans-in-blue-211662172,Dr Denim Rhue low wide jeans in blue,asos/asos/Home/Products/dr-denim-rhue-low-wide-jeans-in-blue-211662172.yml
/sitecore/content/asos/asos/Home/Products/dr-denim-rift-wide-bootcut-jeans-in-blue,Dr Denim Rift wide bootcut jeans in blue,asos/asos/Home/Products/dr-denim-rift-wide-bootcut-jeans-in-blue.yml
/sitecore/content/asos/asos/Home/Products/dr-denim-solitaire-high-skinny-jeans-in-black,Dr Denim Solitaire high skinny jeans in black,asos/asos/Home/Products/dr-denim-solitaire-high-skinny-jeans-in-black.yml
/sitecore/content/asos/asos/Home/Products/dr-denim-sukie-shirt-in-blue,Dr Denim Sukie shirt in blue,asos/asos/Home/Products/dr-denim-sukie-shirt-in-blue.yml
/sitecore/content/asos/asos/Home/Products/dr-denim-tiggy-skirt-in-blue,Dr Denim Tiggy skirt in blue,asos/asos/Home/Products/dr-denim-tiggy-skirt-in-blue.yml
/sitecore/content/asos/asos/Home/Products/dr-denim-tina-top-in-blue,Dr Denim Tina top in blue,asos/asos/Home/Products/dr-denim-tina-top-in-blue.yml
/sitecore/content/asos/asos/Home/Products/dr-denim-vali-denim-shorts-in-blue,Dr Denim Vali denim shorts in blue,asos/asos/Home/Products/dr-denim-vali-denim-shorts-in-blue.yml
/sitecore/content/asos/asos/Home/Products/gina-tricot-cinched-jeans-with-snap-pockets-in-vintage-blue-wash,Gina Tricot cinched jeans with snap pockets in vintage blue wash,asos/09F655C04A8E26BC/gina-tricot-cinched-jeans-with-snap-pockets-in-vintage-blue-wash.yml
/sitecore/content/asos/asos/Home/Products/good-american-ghost-waist-low-loose-jeans-in-light-indigo,Good American ghost waist low loose jeans in light indigo,asos/09F655C04A8E26BC/good-american-ghost-waist-low-loose-jeans-in-light-indigo.yml
/sitecore/content/asos/asos/Home/Products/house-of-sunny-cowboy-denim-jeans-in-mid-blue-wash,House of Sunny cowboy denim jeans in mid blue wash,asos/asos/Home/Products/house-of-sunny-cowboy-denim-jeans-in-mid-blue-wash.yml
/sitecore/content/asos/asos/Home/Products/jack-jones-jeans-in-blue-denim,Jack & Jones Jeans in blue denim,asos/asos/Home/Products/jack-jones-jeans-in-blue-denim.yml
/sitecore/content/asos/asos/Home/Products/jack-jones-relaxed-fit-jeans-in-blue-denim,Jack & Jones Relaxed fit jeans in blue denim,asos/asos/Home/Products/jack-jones-relaxed-fit-jeans-in-blue-denim.yml
/sitecore/content/asos/asos/Home/Products/levis-cinch-waist-mid-thigh-denim-shorts-in-mid-blue,Levi's cinch waist mid-thigh denim shorts in mid blue,asos/asos/Home/Products/levis-cinch-waist-mid-thigh-denim-shorts-in-mid-blue.yml
/sitecore/content/asos/asos/Home/Products/levis-ribcage-wide-leg-jean-in-black,Levi's ribcage wide leg jean in black ,asos/asos/Home/Products/levis-ribcage-wide-leg-jean-in-black.yml
/sitecore/content/asos/asos/Home/Products/liquor-n-poker-fireman-clasp-detail-denim-jacket-co-ord-in-indigo,Liquor N Poker fireman clasp detail denim jacket co-ord in indigo,asos/09F655C04A8E26BC/liquor-n-poker-fireman-clasp-detail-denim-jacket-co-ord-in-indigo.yml
/sitecore/content/asos/asos/Home/Products/mango-denim-mini-dress-in-indigo,Mango denim mini dress in indigo,asos/asos/Home/Products/mango-denim-mini-dress-in-indigo.yml
/sitecore/content/asos/asos/Home/Products/mango-jessie-100-cotton-wide-leg-pocket-detail-jean-in-indigo,Mango Jessie 100% cotton wide leg pocket detail jean in indigo,asos/09F655C04A8E26BC/mango-jessie-100-cotton-wide-leg-pocket-detail-jean-in-indigo.yml
/sitecore/content/asos/asos/Home/Products/mango-maya-zip-through-denim-jacket-co-ord-with-faux-leather-collar-in-indigo,Mango Maya zip through denim jacket co-ord with faux leather collar in indigo,asos/09F655C04A8E26BC/mango-maya-zip-through-denim-jacket-co-ord-with-faux-leather-collar-in-indigo.yml
/sitecore/content/asos/asos/Home/Products/mango-sophia-slim-jean-in-mid-blue,Mango Sophia slim jean in mid blue,asos/asos/Home/Products/mango-sophia-slim-jean-in-mid-blue.yml
/sitecore/content/asos/asos/Home/Products/mango-teen-folded-waist-straight-jean-in-indigo-stripe-print,Mango Teen folded waist straight jean in indigo stripe print,asos/09F655C04A8E26BC/mango-teen-folded-waist-straight-jean-in-indigo-stripe-print.yml
/sitecore/content/asos/asos/Home/Products/mango-teen-turn-up-jean-in-dark-blue,Mango Teen turn up jean in dark blue,asos/asos/Home/Products/mango-teen-turn-up-jean-in-dark-blue.yml
/sitecore/content/asos/asos/Home/Products/mango-teen-wide-leg-jean-in-light-grey,Mango Teen wide leg jean in light grey,asos/asos/Home/Products/mango-teen-wide-leg-jean-in-light-grey.yml
/sitecore/content/asos/asos/Home/Products/mango-utility-jean-in-khaki,Mango utility jean in khaki ,asos/asos/Home/Products/mango-utility-jean-in-khaki.yml
/sitecore/content/asos/asos/Home/Products/miss-selfridge-flare-denim-jean-co-ord-in-indigo,Miss Selfridge flare denim jean co ord in indigo,asos/asos/Home/Products/miss-selfridge-flare-denim-jean-co-ord-in-indigo.yml
/sitecore/content/asos/asos/Home/Products/monki-fold-up-baggy-jeans-with-distressing-in-denim-blue,Monki fold up baggy jeans with distressing in denim blue,asos/09F655C04A8E26BC/monki-fold-up-baggy-jeans-with-distressing-in-denim-blue.yml
/sitecore/content/asos/asos/Home/Products/new-look-adalae-wide-leg-jean-in-mink-brown,New Look Adalae wide leg jean in mink brown,asos/asos/Home/Products/new-look-adalae-wide-leg-jean-in-mink-brown.yml
/sitecore/content/asos/asos/Home/Products/new-look-cinched-denim-mini-dress-in-dark-brown,New Look cinched denim mini dress in dark brown,asos/asos/Home/Products/new-look-cinched-denim-mini-dress-in-dark-brown.yml
/sitecore/content/asos/asos/Home/Products/new-look-petite-adalae-wide-leg-jean-in-black,New Look Petite Adalae wide leg jean in black,asos/asos/Home/Products/new-look-petite-adalae-wide-leg-jean-in-black.yml
/sitecore/content/asos/asos/Home/Products/new-look-petite-adalae-wide-leg-jean-in-dark-brown,New Look Petite Adalae wide leg jean in dark brown,asos/asos/Home/Products/new-look-petite-adalae-wide-leg-jean-in-dark-brown.yml
/sitecore/content/asos/asos/Home/Products/new-look-petite-adalae-wide-leg-jean-in-light-blue,New Look Petite Adalae wide leg jean in light blue,asos/asos/Home/Products/new-look-petite-adalae-wide-leg-jean-in-light-blue.yml
/sitecore/content/asos/asos/Home/Products/new-look-petite-wide-leg-jean-in-brown-polka-dot,New Look Petite wide leg jean in brown polka dot,asos/asos/Home/Products/new-look-petite-wide-leg-jean-in-brown-polka-dot.yml
/sitecore/content/asos/asos/Home/Products/omnes-jeans-zola-mid-rise-barrel-jean-in-light-wash-denim-in-blue,Omnes Jeans zola mid-rise barrel jean in light wash denim in blue,asos/09F655C04A8E26BC/omnes-jeans-zola-mid-rise-barrel-jean-in-light-wash-denim-in-blue.yml
/sitecore/content/asos/asos/Home/Products/only-boxy-cropped-denim-shirt-in-mid-wash-blue,ONLY boxy cropped denim shirt in mid wash blue,asos/asos/Home/Products/only-boxy-cropped-denim-shirt-in-mid-wash-blue.yml
/sitecore/content/asos/asos/Home/Products/only-denim-midi-skirt-with-front-split-in-mid-blue,ONLY denim midi skirt with front split in mid blue ,asos/asos/Home/Products/only-denim-midi-skirt-with-front-split-in-mid-blue.yml
/sitecore/content/asos/asos/Home/Products/only-hope-wide-leg-jean-in-black,ONLY Hope wide leg jean in black,asos/asos/Home/Products/only-hope-wide-leg-jean-in-black.yml
/sitecore/content/asos/asos/Home/Products/only-juicy-high-waisted-wide-leg-jeans-in-light-blue-denim,ONLY Juicy high waisted wide leg jeans in light blue denim,asos/09F655C04A8E26BC/only-juicy-high-waisted-wide-leg-jeans-in-light-blue-denim.yml
/sitecore/content/asos/asos/Home/Products/pieces-selma-wide-leg-jean-co-ord-in-dark-blue-denim,Pieces Selma wide leg jean co-ord in dark blue denim,asos/asos/Home/Products/pieces-selma-wide-leg-jean-co-ord-in-dark-blue-denim.yml
/sitecore/content/asos/asos/Home/Products/pullbear-baggy-jeans-in-pale-blue,Pull&Bear Baggy jeans in pale blue,asos/asos/Home/Products/pullbear-baggy-jeans-in-pale-blue.yml
/sitecore/content/asos/asos/Home/Products/pullbear-denim-crossover-skort-in-pale-blue,Pull&Bear Denim crossover skort in pale blue,asos/asos/Home/Products/pullbear-denim-crossover-skort-in-pale-blue.yml
/sitecore/content/asos/asos/Home/Products/reclaimed-vintage-denim-baggy-wide-jean-with-tie-detail-co-ord-in-indigo,Reclaimed Vintage denim baggy wide jean with tie detail co-ord in indigo,asos/09F655C04A8E26BC/reclaimed-vintage-denim-baggy-wide-jean-with-tie-detail-co-ord-in-indigo.yml
/sitecore/content/asos/asos/Home/Products/reclaimed-vintage-western-baggy-jean-co-ord-in-indigo,Reclaimed Vintage western baggy jean co-ord in indigo,asos/asos/Home/Products/reclaimed-vintage-western-baggy-jean-co-ord-in-indigo.yml
/sitecore/content/asos/asos/Home/Products/river-island-pocket-detail-wide-leg-jeans-in-medium-denim,River Island pocket detail wide leg jeans in medium denim,asos/09F655C04A8E26BC/river-island-pocket-detail-wide-leg-jeans-in-medium-denim.yml
/sitecore/content/asos/asos/Home/Products/stradivarius-balloon-denim-jacket-in-medium-light-blue-denim,Stradivarius Balloon denim jacket in medium light blue denim,asos/09F655C04A8E26BC/stradivarius-balloon-denim-jacket-in-medium-light-blue-denim.yml
/sitecore/content/asos/asos/Home/Products/stradivarius-barrel-fit-jeans-with-back-adjuster-in-medium-denim-wash,Stradivarius Barrel-fit jeans with back adjuster in medium denim wash,asos/09F655C04A8E26BC/stradivarius-barrel-fit-jeans-with-back-adjuster-in-medium-denim-wash.yml
/sitecore/content/asos/asos/Home/Products/stradivarius-crossover-waist-baggy-jeans-in-medium-denim-wash,Stradivarius Crossover waist baggy jeans in medium denim wash,asos/09F655C04A8E26BC/stradivarius-crossover-waist-baggy-jeans-in-medium-denim-wash.yml
/sitecore/content/asos/asos/Home/Products/stradivarius-d67-slim-fit-boot-cut-jeans-in-medium-denim-wash,Stradivarius D67 slim fit boot-cut jeans in medium denim wash,asos/09F655C04A8E26BC/stradivarius-d67-slim-fit-boot-cut-jeans-in-medium-denim-wash.yml
/sitecore/content/asos/asos/Home/Products/stradivarius-d80-barrel-fit-jeans-in-black-denim-wash,Stradivarius D80 barrel fit jeans in black denim wash,asos/asos/Home/Products/stradivarius-d80-barrel-fit-jeans-in-black-denim-wash.yml
/sitecore/content/asos/asos/Home/Products/stradivarius-d80-barrel-fit-jeans-in-medium-denim-wash,Stradivarius D80 barrel fit jeans in medium denim wash,asos/asos/Home/Products/stradivarius-d80-barrel-fit-jeans-in-medium-denim-wash.yml
/sitecore/content/asos/asos/Home/Products/stradivarius-d93-longline-denim-shorts-in-dyed-blue,Stradivarius D93 longline denim shorts in dyed blue,asos/asos/Home/Products/stradivarius-d93-longline-denim-shorts-in-dyed-blue.yml
/sitecore/content/asos/asos/Home/Products/supre-ultra-low-rise-baggy-jean-in-black,Supre ultra low rise baggy jean in black,asos/asos/Home/Products/supre-ultra-low-rise-baggy-jean-in-black.yml
/sitecore/content/asos/asos/Home/Products/timberland-5-pocket-denim-pants-baggy-in-midnight-sky-wash,Timberland 5 pocket denim pants (baggy) in midnight sky wash,asos/09F655C04A8E26BC/timberland-5-pocket-denim-pants-baggy-in-midnight-sky-wash.yml
/sitecore/content/asos/asos/Home/Products/tommy-jeans-co-ord-denim-jacket-in-dark-wash-blue,Tommy Jeans co-ord denim jacket in dark wash blue,asos/asos/Home/Products/tommy-jeans-co-ord-denim-jacket-in-dark-wash-blue.yml
/sitecore/content/asos/asos/Home/Products/topshop-barrel-mid-rise-jean-in-blue-black,Topshop Barrel mid rise jean in blue black,asos/asos/Home/Products/topshop-barrel-mid-rise-jean-in-blue-black.yml
/sitecore/content/asos/asos/Home/Products/topshop-barrel-mid-rise-jean-in-bone,Topshop Barrel mid rise jean in bone,asos/asos/Home/Products/topshop-barrel-mid-rise-jean-in-bone.yml
/sitecore/content/asos/asos/Home/Products/topshop-barrel-mid-rise-jean-in-green-cast,Topshop Barrel mid rise jean in green cast,asos/asos/Home/Products/topshop-barrel-mid-rise-jean-in-green-cast.yml
/sitecore/content/asos/asos/Home/Products/topshop-barrel-mid-rise-jean-in-mid-blue,Topshop Barrel mid rise jean in mid blue,asos/asos/Home/Products/topshop-barrel-mid-rise-jean-in-mid-blue.yml
/sitecore/content/asos/asos/Home/Products/topshop-barrel-mid-rise-jean-in-washed-black,Topshop Barrel mid rise jean in washed black,asos/asos/Home/Products/topshop-barrel-mid-rise-jean-in-washed-black.yml
/sitecore/content/asos/asos/Home/Products/topshop-belle-paris-camisole-in-blue,Topshop Belle Paris camisole in blue,asos/asos/Home/Products/topshop-belle-paris-camisole-in-blue.yml
/sitecore/content/asos/asos/Home/Products/topshop-cinch-low-rise-relaxed-jean-in-bleach,Topshop Cinch low rise relaxed jean in bleach ,asos/asos/Home/Products/topshop-cinch-low-rise-relaxed-jean-in-bleach.yml
/sitecore/content/asos/asos/Home/Products/topshop-cinch-low-rise-relaxed-jean-in-blue-black,Topshop Cinch low rise relaxed jean in blue black,asos/asos/Home/Products/topshop-cinch-low-rise-relaxed-jean-in-blue-black.yml
/sitecore/content/asos/asos/Home/Products/topshop-cinch-low-rise-relaxed-jean-in-chocolate,Topshop Cinch low rise relaxed jean in chocolate,asos/asos/Home/Products/topshop-cinch-low-rise-relaxed-jean-in-chocolate.yml
/sitecore/content/asos/asos/Home/Products/topshop-cinch-low-rise-relaxed-jean-in-mid-blue,Topshop Cinch low rise relaxed jean in mid blue,asos/asos/Home/Products/topshop-cinch-low-rise-relaxed-jean-in-mid-blue.yml
/sitecore/content/asos/asos/Home/Products/topshop-cinch-low-rise-relaxed-jean-in-oat,Topshop Cinch low rise relaxed jean in oat,asos/asos/Home/Products/topshop-cinch-low-rise-relaxed-jean-in-oat.yml
/sitecore/content/asos/asos/Home/Products/topshop-cinch-low-rise-relaxed-jean-in-washed-black,Topshop Cinch low rise relaxed jean in washed black,asos/asos/Home/Products/topshop-cinch-low-rise-relaxed-jean-in-washed-black.yml
/sitecore/content/asos/asos/Home/Products/topshop-cinch-low-rise-relaxed-jean-in-washed-black-209642058,Topshop Cinch low rise relaxed jean in washed black,asos/09F655C04A8E26BC/topshop-cinch-low-rise-relaxed-jean-in-washed-black-209642058.yml
/sitecore/content/asos/asos/Home/Products/topshop-cocoon-mid-rise-barrel-jean-in-cherry-red,Topshop Cocoon mid rise barrel jean in cherry red,asos/asos/Home/Products/topshop-cocoon-mid-rise-barrel-jean-in-cherry-red.yml
/sitecore/content/asos/asos/Home/Products/topshop-cocoon-mid-rise-barrel-jean-in-green-cast,Topshop Cocoon mid rise barrel jean in green cast,asos/asos/Home/Products/topshop-cocoon-mid-rise-barrel-jean-in-green-cast.yml
/sitecore/content/asos/asos/Home/Products/topshop-cocoon-mid-rise-barrel-jean-in-oat,Topshop Cocoon mid rise barrel jean in oat,asos/asos/Home/Products/topshop-cocoon-mid-rise-barrel-jean-in-oat.yml
/sitecore/content/asos/asos/Home/Products/topshop-cocoon-mid-rise-barrel-jean-in-washed-black,Topshop Cocoon mid rise barrel jean in washed black,asos/asos/Home/Products/topshop-cocoon-mid-rise-barrel-jean-in-washed-black.yml
/sitecore/content/asos/asos/Home/Products/topshop-ember-low-rise-relaxed-straight-jean-in-mid-blue,Topshop Ember low rise relaxed straight jean in mid blue,asos/09F655C04A8E26BC/topshop-ember-low-rise-relaxed-straight-jean-in-mid-blue.yml
/sitecore/content/asos/asos/Home/Products/topshop-ember-low-rise-relaxed-straight-leg-jean-in-blue-black,Topshop Ember low rise relaxed straight leg jean in blue black,asos/09F655C04A8E26BC/topshop-ember-low-rise-relaxed-straight-leg-jean-in-blue-black.yml
/sitecore/content/asos/asos/Home/Products/topshop-ember-low-rise-relaxed-straight-leg-jean-in-washed-black,Topshop Ember low rise relaxed straight leg jean in washed black,asos/09F655C04A8E26BC/topshop-ember-low-rise-relaxed-straight-leg-jean-in-washed-black.yml
/sitecore/content/asos/asos/Home/Products/topshop-ember-low-rise-relaxed-straight-leg-jean-in-washed-black-209749063,Topshop Ember low rise relaxed straight leg jean in washed black ,asos/09F655C04A8E26BC/topshop-ember-low-rise-relaxed-straight-leg-jean-in-washed-black-209749063.yml
/sitecore/content/asos/asos/Home/Products/topshop-jamie-high-rise-skinny-jean-in-black,Topshop Jamie high rise skinny jean in black,asos/asos/Home/Products/topshop-jamie-high-rise-skinny-jean-in-black.yml
/sitecore/content/asos/asos/Home/Products/topshop-jamie-high-rise-skinny-jean-in-mid-blue,Topshop Jamie high rise skinny jean in mid blue,asos/asos/Home/Products/topshop-jamie-high-rise-skinny-jean-in-mid-blue.yml
/sitecore/content/asos/asos/Home/Products/topshop-joni-high-rise-skinny-jean-in-black,Topshop Joni high rise skinny jean in black,asos/asos/Home/Products/topshop-joni-high-rise-skinny-jean-in-black.yml
/sitecore/content/asos/asos/Home/Products/topshop-joni-skinny-high-rise-jean-in-black,Topshop Joni skinny high rise jean in black,asos/asos/Home/Products/topshop-joni-skinny-high-rise-jean-in-black.yml
/sitecore/content/asos/asos/Home/Products/topshop-orson-comfort-stretch-straight-leg-ankle-grazer-jean-in-bleach,Topshop Orson comfort stretch straight leg ankle grazer jean in bleach,asos/09F655C04A8E26BC/topshop-orson-comfort-stretch-straight-leg-ankle-grazer-jean-in-bleach.yml
/sitecore/content/asos/asos/Home/Products/topshop-orson-comfort-stretch-straight-leg-ankle-grazer-jean-in-mid-blue,Topshop Orson comfort stretch straight leg ankle grazer jean in mid blue,asos/09F655C04A8E26BC/topshop-orson-comfort-stretch-straight-leg-ankle-grazer-jean-in-mid-blue.yml
/sitecore/content/asos/asos/Home/Products/topshop-orson-comfort-stretch-straight-leg-ankle-grazer-jean-in-washed-black,Topshop Orson comfort stretch straight leg ankle grazer jean in washed black,asos/09F655C04A8E26BC/topshop-orson-comfort-stretch-straight-leg-ankle-grazer-jean-in-washed-black.yml
/sitecore/content/asos/asos/Home/Products/topshop-pull-on-barrel-jean-in-washed-black,Topshop pull on barrel jean in washed black,asos/asos/Home/Products/topshop-pull-on-barrel-jean-in-washed-black.yml
/sitecore/content/asos/asos/Home/Products/topshop-vintage-straight-mid-rise-jean-in-bleach,Topshop Vintage straight mid rise jean in bleach,asos/asos/Home/Products/topshop-vintage-straight-mid-rise-jean-in-bleach.yml
/sitecore/content/asos/asos/Home/Products/topshop-vintage-straight-mid-rise-jean-in-clean-black,Topshop Vintage straight mid rise jean in clean black,asos/asos/Home/Products/topshop-vintage-straight-mid-rise-jean-in-clean-black.yml
/sitecore/content/asos/asos/Home/Products/topshop-vintage-straight-mid-rise-jean-in-mid-blue,Topshop Vintage straight mid rise jean in mid blue,asos/asos/Home/Products/topshop-vintage-straight-mid-rise-jean-in-mid-blue.yml
/sitecore/content/asos/asos/Home/Products/topshop-vintage-straight-mid-rise-jean-in-rinse-indigo,Topshop Vintage straight mid rise jean in rinse indigo,asos/asos/Home/Products/topshop-vintage-straight-mid-rise-jean-in-rinse-indigo.yml
/sitecore/content/asos/asos/Home/Products/topshop-waistbandless-jean-in-beige,Topshop waistbandless jean in beige,asos/asos/Home/Products/topshop-waistbandless-jean-in-beige.yml
/sitecore/content/asos/asos/Home/Products/topshop-waistbandless-relaxed-straight-jean-in-washed-black,Topshop waistbandless relaxed straight jean in washed black,asos/09F655C04A8E26BC/topshop-waistbandless-relaxed-straight-jean-in-washed-black.yml
/sitecore/content/asos/asos/Home/Products/true-religion-billy-flap-pocket-straight-fit-denim-jeans-co-ord-in-lightwash-blue,True Religion billy flap pocket straight fit denim jeans co-ord in lightwash blue,asos/09F655C04A8E26BC/true-religion-billy-flap-pocket-straight-fit-denim-jeans-co-ord-in-lightwash-blue.yml
/sitecore/content/asos/asos/Home/Products/weekday-flannel-pyjama-bottoms-in-black-check,Weekday Flannel pyjama bottoms in black check,asos/asos/Home/Products/weekday-flannel-pyjama-bottoms-in-black-check.yml
/sitecore/content/asos/asos/Home/Products/wrangler-redford-regular-tapered-denim-jeans-in-dark-blue,Wrangler redford regular tapered denim jeans in dark blue,asos/09F655C04A8E26BC/wrangler-redford-regular-tapered-denim-jeans-in-dark-blue.yml
/sitecore/content/asos/asos/Home/saved-items,Saved items,asos/asos/Home/saved-items.yml
/sitecore/content/asos/asos/Home/search,search,asos/asos/Home/search.yml
/sitecore/content/asos/asos/Home/shared-board,shared-board,asos/asos/Home/shared-board.yml
/sitecore/content/asos/asos/Home/shared-board/2cef0973-eb40-4f9e-a4fe-76e8b69764ba,2cef0973-eb40-4f9e-a4fe-76e8b69764ba,asos/asos/Home/shared-board/2cef0973-eb40-4f9e-a4fe-76e8b69764ba.yml
/sitecore/content/asos/asos/Home/shared-board/e5ebfcdb-7e61-473f-afc8-b0c973561d04,e5ebfcdb-7e61-473f-afc8-b0c973561d04,asos/asos/Home/shared-board/e5ebfcdb-7e61-473f-afc8-b0c973561d04.yml
/sitecore/content/asos/asos/Home/style-feed,Style Feed,asos/asos/Home/style-feed.yml
/sitecore/content/asos/asos/Home/style-feed/chocolate-denim,"Chocolate denim, worn in",asos/asos/Home/style-feed/chocolate-denim.yml
/sitecore/content/asos/asos/Home/style-feed/how-law-roach-styled-autumn,How Law Roach styled autumn,asos/asos/Home/style-feed/how-law-roach-styled-autumn.yml
/sitecore/content/asos/asos/Home/style-feed/what-to-wear-to-uni,What to wear to uni,asos/asos/Home/style-feed/what-to-wear-to-uni.yml
/sitecore/content/asos/asos/Home/style-feed/wide-leg-jeans-under-50,Wide-leg jeans under £50,asos/asos/Home/style-feed/wide-leg-jeans-under-50.yml
/sitecore/content/asos/asos/Home/women,Women,asos/asos/Home/women.yml
/sitecore/content/asos/asos/Home/women/denim,Denim,asos/asos/Home/women/denim.yml
/sitecore/content/asos/asos/Home/women/new-in,Women's New In,asos/asos/Home/women/new-in.yml
/sitecore/content/asos/asos/Home/women/new-season-colours,New season colours,asos/asos/Home/women/new-season-colours.yml
/sitecore/content/asos/asos/Home/women/new-season-edit,New-season edit,asos/asos/Home/women/new-season-edit.yml
/sitecore/content/asos/asos/Home/women/sale-under-10,Sale under £10,asos/asos/Home/women/sale-under-10.yml
/sitecore/content/asos/asos/Home/women/selling-fast,New In: Selling Fast,asos/asos/Home/women/selling-fast.yml
/sitecore/content/asos/asos/Home/women/september-shift,September Shift,asos/asos/Home/women/september-shift.yml
/sitecore/content/asos/asos/Home/women/topshop,Topshop,asos/asos/Home/women/topshop.yml
/sitecore/content/asos/asos/Media,Media,asos/asos/Media.yml
/sitecore/content/asos/asos/Presentation,Presentation,asos/asos/Presentation.yml
/sitecore/content/asos/asos/Presentation/Available Renderings,Available Renderings,asos/asos/Presentation/Available Renderings.yml
/sitecore/content/asos/asos/Presentation/Available Renderings/ASOS,ASOS,asos/asos/Presentation/Available Renderings/ASOS.yml
/sitecore/content/asos/asos/Presentation/Available Renderings/FEaaS,FEaaS,asos/asos/Presentation/Available Renderings/FEaaS.yml
/sitecore/content/asos/asos/Presentation/Available Renderings/Forms,Forms,asos/asos/Presentation/Available Renderings/Forms.yml
/sitecore/content/asos/asos/Presentation/Available Renderings/Media,Media,asos/asos/Presentation/Available Renderings/Media.yml
/sitecore/content/asos/asos/Presentation/Available Renderings/Navigation,Navigation,asos/asos/Presentation/Available Renderings/Navigation.yml
/sitecore/content/asos/asos/Presentation/Available Renderings/Page Content,Page Content,asos/asos/Presentation/Available Renderings/Page Content.yml
/sitecore/content/asos/asos/Presentation/Available Renderings/Page Structure,Page Structure,asos/asos/Presentation/Available Renderings/Page Structure.yml
/sitecore/content/asos/asos/Presentation/Headless Variants,Headless Variants,asos/asos/Presentation/Headless Variants.yml
/sitecore/content/asos/asos/Presentation/Headless Variants/GlobalBanner,GlobalBanner,asos/asos/Presentation/Headless Variants/GlobalBanner.yml
/sitecore/content/asos/asos/Presentation/Headless Variants/GlobalBanner/Default,Default,asos/asos/Presentation/Headless Variants/GlobalBanner/Default.yml
/sitecore/content/asos/asos/Presentation/Headless Variants/GlobalBanner/Home,Home,asos/asos/Presentation/Headless Variants/GlobalBanner/Home.yml
/sitecore/content/asos/asos/Presentation/Headless Variants/GlobalBanner/NewHere,NewHere,asos/asos/Presentation/Headless Variants/GlobalBanner/NewHere.yml
/sitecore/content/asos/asos/Presentation/Headless Variants/GlobalBanner/Product,Product,asos/asos/Presentation/Headless Variants/GlobalBanner/Product.yml
/sitecore/content/asos/asos/Presentation/Headless Variants/GlobalBanner/Returning,Returning,asos/asos/Presentation/Headless Variants/GlobalBanner/Returning.yml
/sitecore/content/asos/asos/Presentation/Headless Variants/GlobalBanner/Sale,Sale,asos/asos/Presentation/Headless Variants/GlobalBanner/Sale.yml
/sitecore/content/asos/asos/Presentation/Headless Variants/Image,Image,asos/asos/Presentation/Headless Variants/Image.yml
/sitecore/content/asos/asos/Presentation/Headless Variants/Image/Default,Default,asos/asos/Presentation/Headless Variants/Image/Default.yml
/sitecore/content/asos/asos/Presentation/Headless Variants/LinkList,LinkList,asos/asos/Presentation/Headless Variants/LinkList.yml
/sitecore/content/asos/asos/Presentation/Headless Variants/LinkList/Default,Default,asos/asos/Presentation/Headless Variants/LinkList/Default.yml
/sitecore/content/asos/asos/Presentation/Headless Variants/Navigation,Navigation,asos/asos/Presentation/Headless Variants/Navigation.yml
/sitecore/content/asos/asos/Presentation/Headless Variants/Navigation/Default,Default,asos/asos/Presentation/Headless Variants/Navigation/Default.yml
/sitecore/content/asos/asos/Presentation/Headless Variants/PageContent,PageContent,asos/asos/Presentation/Headless Variants/PageContent.yml
/sitecore/content/asos/asos/Presentation/Headless Variants/PageContent/Default,Default,asos/asos/Presentation/Headless Variants/PageContent/Default.yml
/sitecore/content/asos/asos/Presentation/Headless Variants/Promo,Promo,asos/asos/Presentation/Headless Variants/Promo.yml
/sitecore/content/asos/asos/Presentation/Headless Variants/Promo/Default,Default,asos/asos/Presentation/Headless Variants/Promo/Default.yml
/sitecore/content/asos/asos/Presentation/Headless Variants/RichText,RichText,asos/asos/Presentation/Headless Variants/RichText.yml
/sitecore/content/asos/asos/Presentation/Headless Variants/RichText/Default,Default,asos/asos/Presentation/Headless Variants/RichText/Default.yml
/sitecore/content/asos/asos/Presentation/Headless Variants/Title,Title,asos/asos/Presentation/Headless Variants/Title.yml
/sitecore/content/asos/asos/Presentation/Headless Variants/Title/Default,Default,asos/asos/Presentation/Headless Variants/Title/Default.yml
/sitecore/content/asos/asos/Presentation/Page Branches,Page Branches,asos/asos/Presentation/Page Branches.yml
/sitecore/content/asos/asos/Presentation/Page Designs,Page Designs,asos/asos/Presentation/Page Designs.yml
/sitecore/content/asos/asos/Presentation/Page Designs/Default,Default,asos/asos/Presentation/Page Designs/Default.yml
/sitecore/content/asos/asos/Presentation/Page Designs/Product,Product,asos/asos/Presentation/Page Designs/Product.yml
/sitecore/content/asos/asos/Presentation/Page Designs/ProductListing,ProductListing,asos/asos/Presentation/Page Designs/ProductListing.yml
/sitecore/content/asos/asos/Presentation/Page Designs/ProductPage,ProductPage,asos/asos/Presentation/Page Designs/ProductPage.yml
/sitecore/content/asos/asos/Presentation/Partial Designs,Partial Designs,asos/asos/Presentation/Partial Designs.yml
/sitecore/content/asos/asos/Presentation/Partial Designs/Footer,Footer,asos/asos/Presentation/Partial Designs/Footer.yml
/sitecore/content/asos/asos/Presentation/Partial Designs/Header,Header,asos/asos/Presentation/Partial Designs/Header.yml
/sitecore/content/asos/asos/Presentation/Placeholder Settings,Placeholder Settings,asos/asos/Presentation/Placeholder Settings.yml
/sitecore/content/asos/asos/Presentation/Placeholder Settings/Partial Design,Partial Design,asos/asos/Presentation/Placeholder Settings/Partial Design.yml
/sitecore/content/asos/asos/Presentation/Styles,Styles,asos/asos/Presentation/Styles.yml
/sitecore/content/asos/asos/Presentation/Styles/Add highlight,Add highlight,asos/asos/Presentation/Styles/Add highlight.yml
/sitecore/content/asos/asos/Presentation/Styles/Add highlight/Highlighted bottom,Highlighted bottom,asos/asos/Presentation/Styles/Add highlight/Highlighted bottom.yml
/sitecore/content/asos/asos/Presentation/Styles/Add highlight/Highlighted left,Highlighted left,asos/asos/Presentation/Styles/Add highlight/Highlighted left.yml
/sitecore/content/asos/asos/Presentation/Styles/Add highlight/Highlighted right,Highlighted right,asos/asos/Presentation/Styles/Add highlight/Highlighted right.yml
/sitecore/content/asos/asos/Presentation/Styles/Add highlight/Highlighted top,Highlighted top,asos/asos/Presentation/Styles/Add highlight/Highlighted top.yml
/sitecore/content/asos/asos/Presentation/Styles/Background color,Background color,asos/asos/Presentation/Styles/Background color.yml
/sitecore/content/asos/asos/Presentation/Styles/Background color/Clean background,Clean background,asos/asos/Presentation/Styles/Background color/Clean background.yml
/sitecore/content/asos/asos/Presentation/Styles/Background color/Color background,Color background,asos/asos/Presentation/Styles/Background color/Color background.yml
/sitecore/content/asos/asos/Presentation/Styles/Background color/Dark background,Dark background,asos/asos/Presentation/Styles/Background color/Dark background.yml
/sitecore/content/asos/asos/Presentation/Styles/Background color/Gray background,Gray background,asos/asos/Presentation/Styles/Background color/Gray background.yml
/sitecore/content/asos/asos/Presentation/Styles/Background layout,Background layout,asos/asos/Presentation/Styles/Background layout.yml
/sitecore/content/asos/asos/Presentation/Styles/Background layout/cover-background,cover-background,asos/asos/Presentation/Styles/Background layout/cover-background.yml
/sitecore/content/asos/asos/Presentation/Styles/Background layout/fix-background,fix-background,asos/asos/Presentation/Styles/Background layout/fix-background.yml
/sitecore/content/asos/asos/Presentation/Styles/Background layout/parallax-background,parallax-background,asos/asos/Presentation/Styles/Background layout/parallax-background.yml
/sitecore/content/asos/asos/Presentation/Styles/Common,Common,asos/asos/Presentation/Styles/Common.yml
/sitecore/content/asos/asos/Presentation/Styles/Common/Boxed,Boxed,asos/asos/Presentation/Styles/Common/Boxed.yml
/sitecore/content/asos/asos/Presentation/Styles/Common/Button link style,Button link style,asos/asos/Presentation/Styles/Common/Button link style.yml
/sitecore/content/asos/asos/Presentation/Styles/Common/No borders,No borders,asos/asos/Presentation/Styles/Common/No borders.yml
/sitecore/content/asos/asos/Presentation/Styles/Container,Container,asos/asos/Presentation/Styles/Container.yml
/sitecore/content/asos/asos/Presentation/Styles/Container/Bordered,Bordered,asos/asos/Presentation/Styles/Container/Bordered.yml
/sitecore/content/asos/asos/Presentation/Styles/Container/Centered,Centered,asos/asos/Presentation/Styles/Container/Centered.yml
/sitecore/content/asos/asos/Presentation/Styles/Content alignment,Content alignment,asos/asos/Presentation/Styles/Content alignment.yml
/sitecore/content/asos/asos/Presentation/Styles/Content alignment/Align content center,Align content center,asos/asos/Presentation/Styles/Content alignment/Align content center.yml
/sitecore/content/asos/asos/Presentation/Styles/Content alignment/Align content left,Align content left,asos/asos/Presentation/Styles/Content alignment/Align content left.yml
/sitecore/content/asos/asos/Presentation/Styles/Content alignment/Align content right,Align content right,asos/asos/Presentation/Styles/Content alignment/Align content right.yml
/sitecore/content/asos/asos/Presentation/Styles/Image,Image,asos/asos/Presentation/Styles/Image.yml
/sitecore/content/asos/asos/Presentation/Styles/Image/Image default size,Image default size,asos/asos/Presentation/Styles/Image/Image default size.yml
/sitecore/content/asos/asos/Presentation/Styles/Link list,Link list,asos/asos/Presentation/Styles/Link list.yml
/sitecore/content/asos/asos/Presentation/Styles/Link list/List vertical,List vertical,asos/asos/Presentation/Styles/Link list/List vertical.yml
/sitecore/content/asos/asos/Presentation/Styles/Navigation,Navigation,asos/asos/Presentation/Styles/Navigation.yml
/sitecore/content/asos/asos/Presentation/Styles/Navigation/navigation-fat,navigation-fat,asos/asos/Presentation/Styles/Navigation/navigation-fat.yml
/sitecore/content/asos/asos/Presentation/Styles/Navigation/navigation-main,navigation-main,asos/asos/Presentation/Styles/Navigation/navigation-main.yml
/sitecore/content/asos/asos/Presentation/Styles/Navigation/navigation-main-horizontal,navigation-main-horizontal,asos/asos/Presentation/Styles/Navigation/navigation-main-horizontal.yml
/sitecore/content/asos/asos/Presentation/Styles/Navigation/navigation-mobile,navigation-mobile,asos/asos/Presentation/Styles/Navigation/navigation-mobile.yml
/sitecore/content/asos/asos/Presentation/Styles/Navigation/navigation-sidebar,navigation-sidebar,asos/asos/Presentation/Styles/Navigation/navigation-sidebar.yml
/sitecore/content/asos/asos/Presentation/Styles/Navigation/Sitemap navigation,Sitemap navigation,asos/asos/Presentation/Styles/Navigation/Sitemap navigation.yml
/sitecore/content/asos/asos/Presentation/Styles/Promo,Promo,asos/asos/Presentation/Styles/Promo.yml
/sitecore/content/asos/asos/Presentation/Styles/Promo/Promo hero,Promo hero,asos/asos/Presentation/Styles/Promo/Promo hero.yml
/sitecore/content/asos/asos/Presentation/Styles/Promo/Promo shadow,Promo shadow,asos/asos/Presentation/Styles/Promo/Promo shadow.yml
/sitecore/content/asos/asos/Presentation/Styles/Promo/promo-bottom-link,promo-bottom-link,asos/asos/Presentation/Styles/Promo/promo-bottom-link.yml
/sitecore/content/asos/asos/Presentation/Styles/Rich text,Rich text,asos/asos/Presentation/Styles/Rich text.yml
/sitecore/content/asos/asos/Presentation/Styles/Rich text/Custom bullet points,Custom bullet points,asos/asos/Presentation/Styles/Rich text/Custom bullet points.yml
/sitecore/content/asos/asos/Presentation/Styles/Spacing,Spacing,asos/asos/Presentation/Styles/Spacing.yml
/sitecore/content/asos/asos/Presentation/Styles/Spacing/Indent bottom,Indent bottom,asos/asos/Presentation/Styles/Spacing/Indent bottom.yml
/sitecore/content/asos/asos/Presentation/Styles/Spacing/Indent side,Indent side,asos/asos/Presentation/Styles/Spacing/Indent side.yml
/sitecore/content/asos/asos/Presentation/Styles/Spacing/Indent top,Indent top,asos/asos/Presentation/Styles/Spacing/Indent top.yml
/sitecore/content/asos/asos/Settings,Settings,asos/asos/Settings.yml
/sitecore/content/asos/asos/Settings/Redirects,Redirects,asos/asos/Settings/Redirects.yml
/sitecore/content/asos/asos/Settings/Shared Sites Settings,Shared Sites Settings,asos/asos/Settings/Shared Sites Settings.yml
/sitecore/content/asos/asos/Settings/Site Grouping,Site Grouping,asos/asos/Settings/Site Grouping.yml
/sitecore/content/asos/asos/Settings/Site Grouping/asos,asos,asos/asos/Settings/Site Grouping/asos.yml
/sitecore/content/asos/asos/Settings/Sitemap,Sitemap,asos/asos/Settings/Sitemap.yml
/sitecore/layout/Placeholder Settings/Project/asos,asos,placeholder-settings/asos.yml
/sitecore/layout/Placeholder Settings/Project/asos/headless-footer,headless-footer,placeholder-settings/asos/headless-footer.yml
/sitecore/layout/Placeholder Settings/Project/asos/headless-header,headless-header,placeholder-settings/asos/headless-header.yml
/sitecore/layout/Placeholder Settings/Project/asos/headless-main,headless-main,placeholder-settings/asos/headless-main.yml
/sitecore/layout/Renderings/Project/asos,asos,renderings/asos.yml
/sitecore/layout/Renderings/Project/asos/AccountSignIn,AccountSignIn,renderings/asos/AccountSignIn.yml
/sitecore/layout/Renderings/Project/asos/Article,Article,renderings/asos/Article.yml
/sitecore/layout/Renderings/Project/asos/BagCheckout,BagCheckout,renderings/asos/BagCheckout.yml
/sitecore/layout/Renderings/Project/asos/BuyTheLook,BuyTheLook,renderings/asos/BuyTheLook.yml
/sitecore/layout/Renderings/Project/asos/CategoryListing,CategoryListing,renderings/asos/CategoryListing.yml
/sitecore/layout/Renderings/Project/asos/CurationInsight,CurationInsight,renderings/asos/CurationInsight.yml
/sitecore/layout/Renderings/Project/asos/Edit,Edit,renderings/asos/Edit.yml
/sitecore/layout/Renderings/Project/asos/Footer,Footer,renderings/asos/Footer.yml
/sitecore/layout/Renderings/Project/asos/GenderLanding,GenderLanding,renderings/asos/GenderLanding.yml
/sitecore/layout/Renderings/Project/asos/GlobalBanner,GlobalBanner,renderings/asos/GlobalBanner.yml
/sitecore/layout/Renderings/Project/asos/Header,Header,renderings/asos/Header.yml
/sitecore/layout/Renderings/Project/asos/HomeBanner,HomeBanner,renderings/asos/HomeBanner.yml
/sitecore/layout/Renderings/Project/asos/MyEdit,MyEdit,renderings/asos/MyEdit.yml
/sitecore/layout/Renderings/Project/asos/NewIn,NewIn,renderings/asos/NewIn.yml
/sitecore/layout/Renderings/Project/asos/PeopleAlsoBought,PeopleAlsoBought,renderings/asos/PeopleAlsoBought.yml
/sitecore/layout/Renderings/Project/asos/ProductPage,ProductPage,renderings/asos/ProductPage.yml
/sitecore/layout/Renderings/Project/asos/RecentlyViewed,RecentlyViewed,renderings/asos/RecentlyViewed.yml
/sitecore/layout/Renderings/Project/asos/SavedItems,SavedItems,renderings/asos/SavedItems.yml
/sitecore/layout/Renderings/Project/asos/SharedBoard,SharedBoard,renderings/asos/SharedBoard.yml
/sitecore/layout/Renderings/Project/asos/SiteSearch,SiteSearch,renderings/asos/SiteSearch.yml
/sitecore/layout/Renderings/Project/asos/StyleFeed,StyleFeed,renderings/asos/StyleFeed.yml
/sitecore/layout/Renderings/Project/asos/Subscribe,Subscribe,renderings/asos/Subscribe.yml
/sitecore/layout/Renderings/Project/asos/YouMightAlsoLike,YouMightAlsoLike,renderings/asos/YouMightAlsoLike.yml
/sitecore/layout/Renderings/Project/asos/YourStyle,YourStyle,renderings/asos/YourStyle.yml
/sitecore/media library/Project/asos,asos,media-library/asos.yml
/sitecore/media library/Project/asos/asos,asos,media-library/asos/asos.yml
/sitecore/media library/Project/asos/asos/Sitemaps,Sitemaps,media-library/asos/asos/Sitemaps.yml
/sitecore/media library/Project/asos/asos/Sitemaps/asos,asos,media-library/asos/asos/Sitemaps/asos.yml
/sitecore/media library/Project/asos/asos/Sitemaps/asos/sitemap,sitemap,media-library/asos/asos/Sitemaps/asos/sitemap.yml
/sitecore/media library/Project/asos/asos/System,System,media-library/asos/asos/System.yml
/sitecore/media library/Project/asos/asos/System/F,F,media-library/asos/asos/System/F.yml
/sitecore/media library/Project/asos/asos/System/F/C,C,media-library/asos/asos/System/F/C.yml
/sitecore/media library/Project/asos/asos/System/F/C/1,1,media-library/asos/asos/System/F/C/1.yml
/sitecore/media library/Project/asos/asos/System/F/C/1/1,1,media-library/asos/asos/System/F/C/1/1.yml
/sitecore/media library/Project/asos/asos/System/F/C/1/1/thumbnail_FC1147BD034745BAB33AF23D39A29A81,thumbnail_FC1147BD034745BAB33AF23D39A29A81,media-library/asos/asos/System/F/C/1/1/thumbnail_FC1147BD034745BAB33AF23D39A29A81.yml
/sitecore/media library/Project/asos/shared,shared,media-library/asos/shared.yml
/sitecore/system/Settings/Project/asos,asos,project-settings/asos.yml
/sitecore/system/Settings/Project/asos/asos,asos,project-settings/asos/asos.yml
/sitecore/templates/Branches/Project/asos,asos,branches/asos.yml
/sitecore/templates/Project/asos,asos,templates/asos.yml
/sitecore/templates/Project/asos/Article,Article,templates/asos/Article.yml
/sitecore/templates/Project/asos/Article/Content,Content,templates/asos/Article/Content.yml
/sitecore/templates/Project/asos/Article/Content/Body,Body,templates/asos/Article/Content/Body.yml
/sitecore/templates/Project/asos/Article/Content/Image,Image,templates/asos/Article/Content/Image.yml
/sitecore/templates/Project/asos/Article/Content/Kicker,Kicker,templates/asos/Article/Content/Kicker.yml
/sitecore/templates/Project/asos/Article/Content/ShopHref,ShopHref,templates/asos/Article/Content/ShopHref.yml
/sitecore/templates/Project/asos/Article/Content/ShopLabel,ShopLabel,templates/asos/Article/Content/ShopLabel.yml
/sitecore/templates/Project/asos/Article/Content/Title,Title,templates/asos/Article/Content/Title.yml
/sitecore/templates/Project/asos/Edit,Edit,templates/asos/Edit.yml
/sitecore/templates/Project/asos/Edit/Content,Content,templates/asos/Edit/Content.yml
/sitecore/templates/Project/asos/Edit/Content/Heading,Heading,templates/asos/Edit/Content/Heading.yml
/sitecore/templates/Project/asos/Edit/Content/Tile1Body,Tile1Body,templates/asos/Edit/Content/Tile1Body.yml
/sitecore/templates/Project/asos/Edit/Content/Tile1Href,Tile1Href,templates/asos/Edit/Content/Tile1Href.yml
/sitecore/templates/Project/asos/Edit/Content/Tile1Image,Tile1Image,templates/asos/Edit/Content/Tile1Image.yml
/sitecore/templates/Project/asos/Edit/Content/Tile1Kicker,Tile1Kicker,templates/asos/Edit/Content/Tile1Kicker.yml
/sitecore/templates/Project/asos/Edit/Content/Tile1Title,Tile1Title,templates/asos/Edit/Content/Tile1Title.yml
/sitecore/templates/Project/asos/Edit/Content/Tile2Body,Tile2Body,templates/asos/Edit/Content/Tile2Body.yml
/sitecore/templates/Project/asos/Edit/Content/Tile2Href,Tile2Href,templates/asos/Edit/Content/Tile2Href.yml
/sitecore/templates/Project/asos/Edit/Content/Tile2Image,Tile2Image,templates/asos/Edit/Content/Tile2Image.yml
/sitecore/templates/Project/asos/Edit/Content/Tile2Kicker,Tile2Kicker,templates/asos/Edit/Content/Tile2Kicker.yml
/sitecore/templates/Project/asos/Edit/Content/Tile2Title,Tile2Title,templates/asos/Edit/Content/Tile2Title.yml
/sitecore/templates/Project/asos/Edit/Content/Tile3Body,Tile3Body,templates/asos/Edit/Content/Tile3Body.yml
/sitecore/templates/Project/asos/Edit/Content/Tile3Href,Tile3Href,templates/asos/Edit/Content/Tile3Href.yml
/sitecore/templates/Project/asos/Edit/Content/Tile3Image,Tile3Image,templates/asos/Edit/Content/Tile3Image.yml
/sitecore/templates/Project/asos/Edit/Content/Tile3Kicker,Tile3Kicker,templates/asos/Edit/Content/Tile3Kicker.yml
/sitecore/templates/Project/asos/Edit/Content/Tile3Title,Tile3Title,templates/asos/Edit/Content/Tile3Title.yml
/sitecore/templates/Project/asos/GlobalBanner,GlobalBanner,templates/asos/GlobalBanner.yml
/sitecore/templates/Project/asos/GlobalBanner/Content,Content,templates/asos/GlobalBanner/Content.yml
/sitecore/templates/Project/asos/GlobalBanner/Content/MenHref,MenHref,templates/asos/GlobalBanner/Content/MenHref.yml
/sitecore/templates/Project/asos/GlobalBanner/Content/MenLabel,MenLabel,templates/asos/GlobalBanner/Content/MenLabel.yml
/sitecore/templates/Project/asos/GlobalBanner/Content/Message,Message,templates/asos/GlobalBanner/Content/Message.yml
/sitecore/templates/Project/asos/GlobalBanner/Content/Terms,Terms,templates/asos/GlobalBanner/Content/Terms.yml
/sitecore/templates/Project/asos/GlobalBanner/Content/WomenHref,WomenHref,templates/asos/GlobalBanner/Content/WomenHref.yml
/sitecore/templates/Project/asos/GlobalBanner/Content/WomenLabel,WomenLabel,templates/asos/GlobalBanner/Content/WomenLabel.yml
/sitecore/templates/Project/asos/Headless Site,Headless Site,templates/asos/Headless Site.yml
/sitecore/templates/Project/asos/Headless Site/__Standard Values,__Standard Values,templates/asos/Headless Site/__Standard Values.yml
/sitecore/templates/Project/asos/Headless Tenant,Headless Tenant,templates/asos/Headless Tenant.yml
/sitecore/templates/Project/asos/Headless Tenant/__Standard Values,__Standard Values,templates/asos/Headless Tenant/__Standard Values.yml
/sitecore/templates/Project/asos/HomeBanner,HomeBanner,templates/asos/HomeBanner.yml
/sitecore/templates/Project/asos/HomeBanner/Content,Content,templates/asos/HomeBanner/Content.yml
/sitecore/templates/Project/asos/HomeBanner/Content/MenHref,MenHref,templates/asos/HomeBanner/Content/MenHref.yml
/sitecore/templates/Project/asos/HomeBanner/Content/MenImage,MenImage,templates/asos/HomeBanner/Content/MenImage.yml
/sitecore/templates/Project/asos/HomeBanner/Content/MenLabel,MenLabel,templates/asos/HomeBanner/Content/MenLabel.yml
/sitecore/templates/Project/asos/HomeBanner/Content/Title,Title,templates/asos/HomeBanner/Content/Title.yml
/sitecore/templates/Project/asos/HomeBanner/Content/WomenHref,WomenHref,templates/asos/HomeBanner/Content/WomenHref.yml
/sitecore/templates/Project/asos/HomeBanner/Content/WomenImage,WomenImage,templates/asos/HomeBanner/Content/WomenImage.yml
/sitecore/templates/Project/asos/HomeBanner/Content/WomenLabel,WomenLabel,templates/asos/HomeBanner/Content/WomenLabel.yml
/sitecore/templates/Project/asos/JSS Settings,JSS Settings,templates/asos/JSS Settings.yml
/sitecore/templates/Project/asos/JSS Settings/__Standard Values,__Standard Values,templates/asos/JSS Settings/__Standard Values.yml
/sitecore/templates/Project/asos/NewIn,NewIn,templates/asos/NewIn.yml
/sitecore/templates/Project/asos/NewIn/Content,Content,templates/asos/NewIn/Content.yml
/sitecore/templates/Project/asos/NewIn/Content/Heading,Heading,templates/asos/NewIn/Content/Heading.yml
/sitecore/templates/Project/asos/NewIn/Content/ProductIds,ProductIds,templates/asos/NewIn/Content/ProductIds.yml
/sitecore/templates/Project/asos/NewIn/Content/ShopHref,ShopHref,templates/asos/NewIn/Content/ShopHref.yml
/sitecore/templates/Project/asos/NewIn/Content/ShopLabel,ShopLabel,templates/asos/NewIn/Content/ShopLabel.yml
/sitecore/templates/Project/asos/Page,Page,templates/asos/Page.yml
/sitecore/templates/Project/asos/Page Design Folder,Page Design Folder,templates/asos/Page Design Folder.yml
/sitecore/templates/Project/asos/Page Design Folder/__Standard Values,__Standard Values,templates/asos/Page Design Folder/__Standard Values.yml
/sitecore/templates/Project/asos/Page Designs,Page Designs,templates/asos/Page Designs.yml
/sitecore/templates/Project/asos/Page Designs/__Standard Values,__Standard Values,templates/asos/Page Designs/__Standard Values.yml
/sitecore/templates/Project/asos/Page/__Standard Values,__Standard Values,templates/asos/Page/__Standard Values.yml
/sitecore/templates/Project/asos/Page/Content,Content,templates/asos/Page/Content.yml
/sitecore/templates/Project/asos/Page/Content/Content,Content,templates/asos/Page/Content/Content.yml
/sitecore/templates/Project/asos/Page/Content/Title,Title,templates/asos/Page/Content/Title.yml
/sitecore/templates/Project/asos/Partial Design Folder,Partial Design Folder,templates/asos/Partial Design Folder.yml
/sitecore/templates/Project/asos/Partial Design Folder/__Standard Values,__Standard Values,templates/asos/Partial Design Folder/__Standard Values.yml
/sitecore/templates/Project/asos/Partial Designs,Partial Designs,templates/asos/Partial Designs.yml
/sitecore/templates/Project/asos/Partial Designs/__Standard Values,__Standard Values,templates/asos/Partial Designs/__Standard Values.yml
/sitecore/templates/Project/asos/Product,Product,templates/asos/Product.yml
/sitecore/templates/Project/asos/Product/__Standard Values,__Standard Values,templates/asos/Product/__Standard Values.yml
/sitecore/templates/Project/asos/Product/Content,Content,templates/asos/Product/Content.yml
/sitecore/templates/Project/asos/Product/Content/Brand,Brand,templates/asos/Product/Content/Brand.yml
/sitecore/templates/Project/asos/Product/Content/Image,Image,templates/asos/Product/Content/Image.yml
/sitecore/templates/Project/asos/Product/Content/Price,Price,templates/asos/Product/Content/Price.yml
/sitecore/templates/Project/asos/Product/Content/Sku,Sku,templates/asos/Product/Content/Sku.yml
/sitecore/templates/Project/asos/ProductListing,ProductListing,templates/asos/ProductListing.yml
/sitecore/templates/Project/asos/ProductListing/__Standard Values,__Standard Values,templates/asos/ProductListing/__Standard Values.yml
/sitecore/templates/Project/asos/ProductListing/Content,Content,templates/asos/ProductListing/Content.yml
/sitecore/templates/Project/asos/ProductListing/Content/CategoryId,CategoryId,templates/asos/ProductListing/Content/CategoryId.yml
/sitecore/templates/Project/asos/ProductPage,ProductPage,templates/asos/ProductPage.yml
/sitecore/templates/Project/asos/ProductPage/__Standard Values,__Standard Values,templates/asos/ProductPage/__Standard Values.yml
/sitecore/templates/Project/asos/ProductPage/Content,Content,templates/asos/ProductPage/Content.yml
/sitecore/templates/Project/asos/ProductPage/Content/Brand,Brand,templates/asos/ProductPage/Content/Brand.yml
/sitecore/templates/Project/asos/ProductPage/Content/BrandStory,BrandStory,templates/asos/ProductPage/Content/BrandStory.yml
/sitecore/templates/Project/asos/ProductPage/Content/Categories,Categories,templates/asos/ProductPage/Content/Categories.yml
/sitecore/templates/Project/asos/ProductPage/Content/Colour,Colour,templates/asos/ProductPage/Content/Colour.yml
/sitecore/templates/Project/asos/ProductPage/Content/Composition,Composition,templates/asos/ProductPage/Content/Composition.yml
/sitecore/templates/Project/asos/ProductPage/Content/DeliveryCopy,DeliveryCopy,templates/asos/ProductPage/Content/DeliveryCopy.yml
/sitecore/templates/Project/asos/ProductPage/Content/Details,Details,templates/asos/ProductPage/Content/Details.yml
/sitecore/templates/Project/asos/ProductPage/Content/Image,Image,templates/asos/ProductPage/Content/Image.yml
/sitecore/templates/Project/asos/ProductPage/Content/PayCopy,PayCopy,templates/asos/ProductPage/Content/PayCopy.yml
/sitecore/templates/Project/asos/ProductPage/Content/Price,Price,templates/asos/ProductPage/Content/Price.yml
/sitecore/templates/Project/asos/ProductPage/Content/ProductId,ProductId,templates/asos/ProductPage/Content/ProductId.yml
/sitecore/templates/Project/asos/ProductPage/Content/PromoCopy,PromoCopy,templates/asos/ProductPage/Content/PromoCopy.yml
/sitecore/templates/Project/asos/ProductPage/Content/SizeFit,SizeFit,templates/asos/ProductPage/Content/SizeFit.yml
/sitecore/templates/Project/asos/ProductPage/Content/Video,Video,templates/asos/ProductPage/Content/Video.yml
/sitecore/templates/Project/asos/ProductRail,ProductRail,templates/asos/ProductRail.yml
/sitecore/templates/Project/asos/ProductRail/Content,Content,templates/asos/ProductRail/Content.yml
/sitecore/templates/Project/asos/ProductRail/Content/Heading,Heading,templates/asos/ProductRail/Content/Heading.yml
/sitecore/templates/Project/asos/ProductRail/Content/Intent,Intent,templates/asos/ProductRail/Content/Intent.yml
/sitecore/templates/Project/asos/ProductRail/Content/Intro,Intro,templates/asos/ProductRail/Content/Intro.yml
/sitecore/templates/Project/asos/ProductRail/Content/ProductIds,ProductIds,templates/asos/ProductRail/Content/ProductIds.yml
/sitecore/templates/Project/asos/StyleFeed,StyleFeed,templates/asos/StyleFeed.yml
/sitecore/templates/Project/asos/StyleFeed/Content,Content,templates/asos/StyleFeed/Content.yml
/sitecore/templates/Project/asos/StyleFeed/Content/Card1Href,Card1Href,templates/asos/StyleFeed/Content/Card1Href.yml
/sitecore/templates/Project/asos/StyleFeed/Content/Card1Image,Card1Image,templates/asos/StyleFeed/Content/Card1Image.yml
/sitecore/templates/Project/asos/StyleFeed/Content/Card1Title,Card1Title,templates/asos/StyleFeed/Content/Card1Title.yml
/sitecore/templates/Project/asos/StyleFeed/Content/Card2Href,Card2Href,templates/asos/StyleFeed/Content/Card2Href.yml
/sitecore/templates/Project/asos/StyleFeed/Content/Card2Image,Card2Image,templates/asos/StyleFeed/Content/Card2Image.yml
/sitecore/templates/Project/asos/StyleFeed/Content/Card2Title,Card2Title,templates/asos/StyleFeed/Content/Card2Title.yml
/sitecore/templates/Project/asos/StyleFeed/Content/Card3Href,Card3Href,templates/asos/StyleFeed/Content/Card3Href.yml
/sitecore/templates/Project/asos/StyleFeed/Content/Card3Image,Card3Image,templates/asos/StyleFeed/Content/Card3Image.yml
/sitecore/templates/Project/asos/StyleFeed/Content/Card3Title,Card3Title,templates/asos/StyleFeed/Content/Card3Title.yml
/sitecore/templates/Project/asos/StyleFeed/Content/Card4Href,Card4Href,templates/asos/StyleFeed/Content/Card4Href.yml
/sitecore/templates/Project/asos/StyleFeed/Content/Card4Image,Card4Image,templates/asos/StyleFeed/Content/Card4Image.yml
/sitecore/templates/Project/asos/StyleFeed/Content/Card4Title,Card4Title,templates/asos/StyleFeed/Content/Card4Title.yml
/sitecore/templates/Project/asos/StyleFeed/Content/DiscoverHref,DiscoverHref,templates/asos/StyleFeed/Content/DiscoverHref.yml
/sitecore/templates/Project/asos/StyleFeed/Content/Heading,Heading,templates/asos/StyleFeed/Content/Heading.yml
/sitecore/templates/Project/asos/StyleFeed/Content/Intro,Intro,templates/asos/StyleFeed/Content/Intro.yml
/sitecore/templates/Project/asos/StyleFeed/Content/ReadHref,ReadHref,templates/asos/StyleFeed/Content/ReadHref.yml
/sitecore/templates/Project/asos/StyleFeed/Content/ReadLabel,ReadLabel,templates/asos/StyleFeed/Content/ReadLabel.yml
/sitecore/templates/Project/asos/Subscribe,Subscribe,templates/asos/Subscribe.yml
/sitecore/templates/Project/asos/Subscribe/Content,Content,templates/asos/Subscribe/Content.yml
/sitecore/templates/Project/asos/Subscribe/Content/ButtonLabel,ButtonLabel,templates/asos/Subscribe/Content/ButtonLabel.yml
/sitecore/templates/Project/asos/Subscribe/Content/Heading,Heading,templates/asos/Subscribe/Content/Heading.yml
/sitecore/templates/Project/asos/Subscribe/Content/Image,Image,templates/asos/Subscribe/Content/Image.yml
/sitecore/templates/Project/asos/Subscribe/Content/Placeholder,Placeholder,templates/asos/Subscribe/Content/Placeholder.yml
/sitecore/templates/Project/asos/Subscribe/Content/PreferenceLabel,PreferenceLabel,templates/asos/Subscribe/Content/PreferenceLabel.yml
/sitecore/templates/Project/asos/Subscribe/Content/SuccessMessage,SuccessMessage,templates/asos/Subscribe/Content/SuccessMessage.yml
/sitecore/templates/Project/asos/Subscribe/Content/Terms,Terms,templates/asos/Subscribe/Content/Terms.yml
