"File","AssetId","PublicLinkId","DamId","PublicUrl","RelativeUrl","ImageFieldXml"
"consultant-tommy.jpg","114379","114382","_GspQ9pPSd6yUg_8vDs3tA","https://starter-verticals-2.sitecoresandbox.cloud/api/public/content/9300416697f048ee83462ff5430067c8","9300416697f048ee83462ff5430067c8","<Image src=""https://starter-verticals-2.sitecoresandbox.cloud/api/public/content/9300416697f048ee83462ff5430067c8"" dam-id=""_GspQ9pPSd6yUg_8vDs3tA"" alt=""consultant-tommy"" dam-content-type=""Image"" />"
"london-office.jpg","114451","114454","nl92P43CRP6NqgMf3CftBQ","https://starter-verticals-2.sitecoresandbox.cloud/api/public/content/f9727c63024046989e76073cc5735400","f9727c63024046989e76073cc5735400","<Image src=""https://starter-verticals-2.sitecoresandbox.cloud/api/public/content/f9727c63024046989e76073cc5735400"" dam-id=""nl92P43CRP6NqgMf3CftBQ"" alt=""london-office"" dam-content-type=""Image"" />"
"hero-office.jpg","114393","114397","N_zJXYroQS-308yAhOspvw","https://starter-verticals-2.sitecoresandbox.cloud/api/public/content/ba07a88e3a4e486795d041af2a1fe58f","ba07a88e3a4e486795d041af2a1fe58f","<Image src=""https://starter-verticals-2.sitecoresandbox.cloud/api/public/content/ba07a88e3a4e486795d041af2a1fe58f"" dam-id=""N_zJXYroQS-308yAhOspvw"" alt=""hero-office"" dam-content-type=""Image"" />"
"consultant-ian.jpg","114369","114374","wvRBAWnwRwarUnNHkEt8Iw","https://starter-verticals-2.sitecoresandbox.cloud/api/public/content/686a60b6f1d74eaab1ca6aa4208ac992","686a60b6f1d74eaab1ca6aa4208ac992","<Image src=""https://starter-verticals-2.sitecoresandbox.cloud/api/public/content/686a60b6f1d74eaab1ca6aa4208ac992"" dam-id=""wvRBAWnwRwarUnNHkEt8Iw"" alt=""consultant-ian"" dam-content-type=""Image"" />"
"job-events.jpg","114415","114419","j55VDLB7SLuyJg6H9Ng1Qg","https://starter-verticals-2.sitecoresandbox.cloud/api/public/content/d83b0a0dd1a64841a273691b84f64c01","d83b0a0dd1a64841a273691b84f64c01","<Image src=""https://starter-verticals-2.sitecoresandbox.cloud/api/public/content/d83b0a0dd1a64841a273691b84f64c01"" dam-id=""j55VDLB7SLuyJg6H9Ng1Qg"" alt=""job-events"" dam-content-type=""Image"" />"
"article-counter-offer.jpg","114346","114348","LpQOW8ylS4GFcyy7ugOuEw","https://starter-verticals-2.sitecoresandbox.cloud/api/public/content/c10d4cdc7bfd46c0b7008d682b5d5d20","c10d4cdc7bfd46c0b7008d682b5d5d20","<Image src=""https://starter-verticals-2.sitecoresandbox.cloud/api/public/content/c10d4cdc7bfd46c0b7008d682b5d5d20"" dam-id=""LpQOW8ylS4GFcyy7ugOuEw"" alt=""article-counter-offer"" dam-content-type=""Image"" />"
"promo-partnership.jpg","114464","114466","vz7mf8nrTTuL2_yNBafMRA","https://starter-verticals-2.sitecoresandbox.cloud/api/public/content/88004137b25742db9fdbe999e378799f","88004137b25742db9fdbe999e378799f","<Image src=""https://starter-verticals-2.sitecoresandbox.cloud/api/public/content/88004137b25742db9fdbe999e378799f"" dam-id=""vz7mf8nrTTuL2_yNBafMRA"" alt=""promo-partnership"" dam-content-type=""Image"" />"
"job-saas.jpg","114438","114442","yqdp15lBReultBfQrFIekw","https://starter-verticals-2.sitecoresandbox.cloud/api/public/content/7e9d7b94d3954d3a8e525f698e6f21e2","7e9d7b94d3954d3a8e525f698e6f21e2","<Image src=""https://starter-verticals-2.sitecoresandbox.cloud/api/public/content/7e9d7b94d3954d3a8e525f698e6f21e2"" dam-id=""yqdp15lBReultBfQrFIekw"" alt=""job-saas"" dam-content-type=""Image"" />"
"job-marketplace.jpg","114423","114427","V27JgddhQ0-aDZ2gleuLmg","https://starter-verticals-2.sitecoresandbox.cloud/api/public/content/79c933b31c0044e098d236a9933b8c21","79c933b31c0044e098d236a9933b8c21","<Image src=""https://starter-verticals-2.sitecoresandbox.cloud/api/public/content/79c933b31c0044e098d236a9933b8c21"" dam-id=""V27JgddhQ0-aDZ2gleuLmg"" alt=""job-marketplace"" dam-content-type=""Image"" />"
"consultant-amy.jpg","114361","114363","o20Khzm_SmeV9_Y956VVFw","https://starter-verticals-2.sitecoresandbox.cloud/api/public/content/10bcd51a166345548d8017bbe86a6684","10bcd51a166345548d8017bbe86a6684","<Image src=""https://starter-verticals-2.sitecoresandbox.cloud/api/public/content/10bcd51a166345548d8017bbe86a6684"" dam-id=""o20Khzm_SmeV9_Y956VVFw"" alt=""consultant-amy"" dam-content-type=""Image"" />"
"article-geo.jpg","114353","114355","om_nq4YnSfmuDUn-NTXfEg","https://starter-verticals-2.sitecoresandbox.cloud/api/public/content/69ad42dc412944f9827960e7925b47cf","69ad42dc412944f9827960e7925b47cf","<Image src=""https://starter-verticals-2.sitecoresandbox.cloud/api/public/content/69ad42dc412944f9827960e7925b47cf"" dam-id=""om_nq4YnSfmuDUn-NTXfEg"" alt=""article-geo"" dam-content-type=""Image"" />"
"job-edtech.jpg","114404","114406","BwC9nFCXS4u8f0-paeU5YA","https://starter-verticals-2.sitecoresandbox.cloud/api/public/content/cea92715023d494f94d5da7cd9b2567e","cea92715023d494f94d5da7cd9b2567e","<Image src=""https://starter-verticals-2.sitecoresandbox.cloud/api/public/content/cea92715023d494f94d5da7cd9b2567e"" dam-id=""BwC9nFCXS4u8f0-paeU5YA"" alt=""job-edtech"" dam-content-type=""Image"" />"
"consultant-david-schofield.png","114654","114659","6cBVrwj3S0Os7yjEV6Elgw","https://starter-verticals-2.sitecoresandbox.cloud/api/public/content/3f8ed46dc7bc4ab98d000ff7c1f6e9ec","3f8ed46dc7bc4ab98d000ff7c1f6e9ec","<Image src=""https://starter-verticals-2.sitecoresandbox.cloud/api/public/content/3f8ed46dc7bc4ab98d000ff7c1f6e9ec"" dam-id=""6cBVrwj3S0Os7yjEV6Elgw"" alt=""consultant-david-schofield"" dam-content-type=""Image"" />"
"consultant-andrea-robinson.png","114628","114633","qUljkxG5TValOROe5v-czQ","https://starter-verticals-2.sitecoresandbox.cloud/api/public/content/1326112eaad149558559b2815f1141e5","1326112eaad149558559b2815f1141e5","<Image src=""https://starter-verticals-2.sitecoresandbox.cloud/api/public/content/1326112eaad149558559b2815f1141e5"" dam-id=""qUljkxG5TValOROe5v-czQ"" alt=""consultant-andrea-robinson"" dam-content-type=""Image"" />"
"consultant-kayleigh-granger.jpg","114705","114707","vnC-aHsGS2OKEw9csUIrxA","https://starter-verticals-2.sitecoresandbox.cloud/api/public/content/45d0246a023d4752827973a8c027d3ef","45d0246a023d4752827973a8c027d3ef","<Image src=""https://starter-verticals-2.sitecoresandbox.cloud/api/public/content/45d0246a023d4752827973a8c027d3ef"" dam-id=""vnC-aHsGS2OKEw9csUIrxA"" alt=""consultant-kayleigh-granger"" dam-content-type=""Image"" />"
"consultant-meg-rayner.jpg","114757","114759","u_EY7jvWQj2MgSxUFXxxXQ","https://starter-verticals-2.sitecoresandbox.cloud/api/public/content/a82eb765ddbe4bcc9457daeff390e3ef","a82eb765ddbe4bcc9457daeff390e3ef","<Image src=""https://starter-verticals-2.sitecoresandbox.cloud/api/public/content/a82eb765ddbe4bcc9457daeff390e3ef"" dam-id=""u_EY7jvWQj2MgSxUFXxxXQ"" alt=""consultant-meg-rayner"" dam-content-type=""Image"" />"
"consultant-ian-payne.jpg","114676","114678","46EF-gc4SnKL4PRoCt1ORg","https://starter-verticals-2.sitecoresandbox.cloud/api/public/content/018ea43db2e34c9fb1ff1b682ea48fe8","018ea43db2e34c9fb1ff1b682ea48fe8","<Image src=""https://starter-verticals-2.sitecoresandbox.cloud/api/public/content/018ea43db2e34c9fb1ff1b682ea48fe8"" dam-id=""46EF-gc4SnKL4PRoCt1ORg"" alt=""consultant-ian-payne"" dam-content-type=""Image"" />"
"consultant-katie-holmes.jpg","114691","114693","fH1LVfibTRScEfjgYWLYbQ","https://starter-verticals-2.sitecoresandbox.cloud/api/public/content/b7345194c63949bfb7969af21f0e09c3","b7345194c63949bfb7969af21f0e09c3","<Image src=""https://starter-verticals-2.sitecoresandbox.cloud/api/public/content/b7345194c63949bfb7969af21f0e09c3"" dam-id=""fH1LVfibTRScEfjgYWLYbQ"" alt=""consultant-katie-holmes"" dam-content-type=""Image"" />"
"consultant-max-tullis-turner.png","114740","114748","9-a5qZAqSquDVa2e0HuNLQ","https://starter-verticals-2.sitecoresandbox.cloud/api/public/content/9fcfb2eec2a9449dad1c5f2bd03b42b3","9fcfb2eec2a9449dad1c5f2bd03b42b3","<Image src=""https://starter-verticals-2.sitecoresandbox.cloud/api/public/content/9fcfb2eec2a9449dad1c5f2bd03b42b3"" dam-id=""9-a5qZAqSquDVa2e0HuNLQ"" alt=""consultant-max-tullis-turner"" dam-content-type=""Image"" />"
"consultant-mat-law.png","114732","114734","fSLny5cnQaCaWIfy5vRpng","https://starter-verticals-2.sitecoresandbox.cloud/api/public/content/4cc4cf2f8c164224927188d31d22b3ac","4cc4cf2f8c164224927188d31d22b3ac","<Image src=""https://starter-verticals-2.sitecoresandbox.cloud/api/public/content/4cc4cf2f8c164224927188d31d22b3ac"" dam-id=""fSLny5cnQaCaWIfy5vRpng"" alt=""consultant-mat-law"" dam-content-type=""Image"" />"
"consultant-amy-kirby.jpg","114621","114623","GzdcZAGTTj6Os4IOW26_rg","https://starter-verticals-2.sitecoresandbox.cloud/api/public/content/ba010c57de124ed6900c61350bf972b9","ba010c57de124ed6900c61350bf972b9","<Image src=""https://starter-verticals-2.sitecoresandbox.cloud/api/public/content/ba010c57de124ed6900c61350bf972b9"" dam-id=""GzdcZAGTTj6Os4IOW26_rg"" alt=""consultant-amy-kirby"" dam-content-type=""Image"" />"
"consultant-rachel-trevillion.jpg","114765","114775","HxSYsY9YRqaho3DQis0ZCA","https://starter-verticals-2.sitecoresandbox.cloud/api/public/content/422b5322a10d4d1a891c3411ca436e8c","422b5322a10d4d1a891c3411ca436e8c","<Image src=""https://starter-verticals-2.sitecoresandbox.cloud/api/public/content/422b5322a10d4d1a891c3411ca436e8c"" dam-id=""HxSYsY9YRqaho3DQis0ZCA"" alt=""consultant-rachel-trevillion"" dam-content-type=""Image"" />"
"job-senior-designer-6042762.png","114808","114810","-CbGAYWGRRyPBLwBUGHW-w","https://starter-verticals-2.sitecoresandbox.cloud/api/public/content/9fb1f77f0df84e75990851fd7f7ebcc9","9fb1f77f0df84e75990851fd7f7ebcc9","<Image src=""https://starter-verticals-2.sitecoresandbox.cloud/api/public/content/9fb1f77f0df84e75990851fd7f7ebcc9"" dam-id=""-CbGAYWGRRyPBLwBUGHW-w"" alt=""job-senior-designer-6042762"" dam-content-type=""Image"" />"
"consultant-tommy-styles.png","114801","114803","PzC2cPtfS_OCbx9sWOg5MA","https://starter-verticals-2.sitecoresandbox.cloud/api/public/content/9fc10bb9feb8404eae203e816c7d2924","9fc10bb9feb8404eae203e816c7d2924","<Image src=""https://starter-verticals-2.sitecoresandbox.cloud/api/public/content/9fc10bb9feb8404eae203e816c7d2924"" dam-id=""PzC2cPtfS_OCbx9sWOg5MA"" alt=""consultant-tommy-styles"" dam-content-type=""Image"" />"
"consultant-lauren-james.jpg","114715","114717","-SdgfLOCT-K1beRpYuYEpQ","https://starter-verticals-2.sitecoresandbox.cloud/api/public/content/7cc286f928584d89aa22756ce46890af","7cc286f928584d89aa22756ce46890af","<Image src=""https://starter-verticals-2.sitecoresandbox.cloud/api/public/content/7cc286f928584d89aa22756ce46890af"" dam-id=""-SdgfLOCT-K1beRpYuYEpQ"" alt=""consultant-lauren-james"" dam-content-type=""Image"" />"
"consultant-becca-kitchen.png","114636","114641","eckCdQc3SpahRazaCxxEOA","https://starter-verticals-2.sitecoresandbox.cloud/api/public/content/c37c468febe344ba8a7e34fb4552cec7","c37c468febe344ba8a7e34fb4552cec7","<Image src=""https://starter-verticals-2.sitecoresandbox.cloud/api/public/content/c37c468febe344ba8a7e34fb4552cec7"" dam-id=""eckCdQc3SpahRazaCxxEOA"" alt=""consultant-becca-kitchen"" dam-content-type=""Image"" />"
"consultant-destiny-owoloko.png","114667","114670","HK67jNXqSNmYlL4MpnXIXg","https://starter-verticals-2.sitecoresandbox.cloud/api/public/content/aee5bb5880ae45ecbc311477f1c62d2e","aee5bb5880ae45ecbc311477f1c62d2e","<Image src=""https://starter-verticals-2.sitecoresandbox.cloud/api/public/content/aee5bb5880ae45ecbc311477f1c62d2e"" dam-id=""HK67jNXqSNmYlL4MpnXIXg"" alt=""consultant-destiny-owoloko"" dam-content-type=""Image"" />"
"consultant-terry-payne.png","114781","114785","jkislVorQX2Aazs16syHuw","https://starter-verticals-2.sitecoresandbox.cloud/api/public/content/35d0e510107c40ad9617bd5143544541","35d0e510107c40ad9617bd5143544541","<Image src=""https://starter-verticals-2.sitecoresandbox.cloud/api/public/content/35d0e510107c40ad9617bd5143544541"" dam-id=""jkislVorQX2Aazs16syHuw"" alt=""consultant-terry-payne"" dam-content-type=""Image"" />"
"consultant-charlotte-heard.png","114646","114648","XlNasUn6S6eVGu9zGn9sSQ","https://starter-verticals-2.sitecoresandbox.cloud/api/public/content/99dc15b0a75d4e2793a9a7652f3dd581","99dc15b0a75d4e2793a9a7652f3dd581","<Image src=""https://starter-verticals-2.sitecoresandbox.cloud/api/public/content/99dc15b0a75d4e2793a9a7652f3dd581"" dam-id=""XlNasUn6S6eVGu9zGn9sSQ"" alt=""consultant-charlotte-heard"" dam-content-type=""Image"" />"
