"ItemPath","Field","LocalFile","DamId","PublicUrl","Brand"
"/sitecore/content/recruitment/recruitment/Data/HomeBanner","Image","hero-office.jpg","N_zJXYroQS-308yAhOspvw","https://starter-verticals-2.sitecoresandbox.cloud/api/public/content/ba07a88e3a4e486795d041af2a1fe58f","112600"
"/sitecore/content/recruitment/recruitment/Data/Promo","Image","promo-partnership.jpg","vz7mf8nrTTuL2_yNBafMRA","https://starter-verticals-2.sitecoresandbox.cloud/api/public/content/88004137b25742db9fdbe999e378799f","112600"
"/sitecore/content/recruitment/recruitment/Home/job/account-executive-edtech-6039269","Image","job-edtech.jpg","BwC9nFCXS4u8f0-paeU5YA","https://starter-verticals-2.sitecoresandbox.cloud/api/public/content/cea92715023d494f94d5da7cd9b2567e","112600"
"/sitecore/content/recruitment/recruitment/Home/consultants/ian-payne","Image","consultant-ian.jpg","wvRBAWnwRwarUnNHkEt8Iw","https://starter-verticals-2.sitecoresandbox.cloud/api/public/content/686a60b6f1d74eaab1ca6aa4208ac992","112600"
"/sitecore/content/recruitment/recruitment/Home/blog/2026/07/the-counter-offer-crisis-how-to-secure-your-ideal-candidate","Image","article-counter-offer.jpg","LpQOW8ylS4GFcyy7ugOuEw","https://starter-verticals-2.sitecoresandbox.cloud/api/public/content/c10d4cdc7bfd46c0b7008d682b5d5d20","112600"
"/sitecore/content/recruitment/recruitment/Home/branches/London","Image","london-office.jpg","nl92P43CRP6NqgMf3CftBQ","https://starter-verticals-2.sitecoresandbox.cloud/api/public/content/f9727c63024046989e76073cc5735400","112600"
"/sitecore/content/recruitment/recruitment/Home/job/senior-designer-6042762","Image","job-senior-designer-6042762.png","-CbGAYWGRRyPBLwBUGHW-w","https://starter-verticals-2.sitecoresandbox.cloud/api/public/content/9fb1f77f0df84e75990851fd7f7ebcc9","112600"
"/sitecore/content/recruitment/recruitment/Home/job/senior-manager-demand-generation-6042692","Image","job-marketplace.jpg","V27JgddhQ0-aDZ2gleuLmg","https://starter-verticals-2.sitecoresandbox.cloud/api/public/content/79c933b31c0044e098d236a9933b8c21","112600"
"/sitecore/content/recruitment/recruitment/Home/job/account-executive-6042661","Image","job-senior-designer-6042762.png","-CbGAYWGRRyPBLwBUGHW-w","https://starter-verticals-2.sitecoresandbox.cloud/api/public/content/9fb1f77f0df84e75990851fd7f7ebcc9","112600"
"/sitecore/content/recruitment/recruitment/Home/job/consultant-healthcare-6041568","Image","job-edtech.jpg","BwC9nFCXS4u8f0-paeU5YA","https://starter-verticals-2.sitecoresandbox.cloud/api/public/content/cea92715023d494f94d5da7cd9b2567e","112600"
"/sitecore/content/recruitment/recruitment/Home/job/project-manager-mixed-methods-6041567","Image","job-edtech.jpg","BwC9nFCXS4u8f0-paeU5YA","https://starter-verticals-2.sitecoresandbox.cloud/api/public/content/cea92715023d494f94d5da7cd9b2567e","112600"
"/sitecore/content/recruitment/recruitment/Home/job/business-development-manager-6041265","Image","job-edtech.jpg","BwC9nFCXS4u8f0-paeU5YA","https://starter-verticals-2.sitecoresandbox.cloud/api/public/content/cea92715023d494f94d5da7cd9b2567e","112600"
"/sitecore/content/recruitment/recruitment/Home/job/senior-research-executive-healthcare-6041264","Image","job-edtech.jpg","BwC9nFCXS4u8f0-paeU5YA","https://starter-verticals-2.sitecoresandbox.cloud/api/public/content/cea92715023d494f94d5da7cd9b2567e","112600"
"/sitecore/content/recruitment/recruitment/Home/job/data-engineer-6041263","Image","job-edtech.jpg","BwC9nFCXS4u8f0-paeU5YA","https://starter-verticals-2.sitecoresandbox.cloud/api/public/content/cea92715023d494f94d5da7cd9b2567e","112600"
"/sitecore/content/recruitment/recruitment/Home/job/research-and-insight-lead-client-side-6041261","Image","job-edtech.jpg","BwC9nFCXS4u8f0-paeU5YA","https://starter-verticals-2.sitecoresandbox.cloud/api/public/content/cea92715023d494f94d5da7cd9b2567e","112600"
"/sitecore/content/recruitment/recruitment/Home/job/commercial-account-manager-6041252","Image","job-edtech.jpg","BwC9nFCXS4u8f0-paeU5YA","https://starter-verticals-2.sitecoresandbox.cloud/api/public/content/cea92715023d494f94d5da7cd9b2567e","112600"
"/sitecore/content/recruitment/recruitment/Home/job/research-director-higher-education-6041251","Image","job-edtech.jpg","BwC9nFCXS4u8f0-paeU5YA","https://starter-verticals-2.sitecoresandbox.cloud/api/public/content/cea92715023d494f94d5da7cd9b2567e","112600"
"/sitecore/content/recruitment/recruitment/Home/job/research-manager-quantitative-6041228","Image","job-edtech.jpg","BwC9nFCXS4u8f0-paeU5YA","https://starter-verticals-2.sitecoresandbox.cloud/api/public/content/cea92715023d494f94d5da7cd9b2567e","112600"
"/sitecore/content/recruitment/recruitment/Home/job/account-executive-6041216","Image","job-edtech.jpg","BwC9nFCXS4u8f0-paeU5YA","https://starter-verticals-2.sitecoresandbox.cloud/api/public/content/cea92715023d494f94d5da7cd9b2567e","112600"
"/sitecore/content/recruitment/recruitment/Home/job/research-executive-healthcare-quantitative-6041212","Image","job-edtech.jpg","BwC9nFCXS4u8f0-paeU5YA","https://starter-verticals-2.sitecoresandbox.cloud/api/public/content/cea92715023d494f94d5da7cd9b2567e","112600"
"/sitecore/content/recruitment/recruitment/Home/job/senior-research-manager-healthcare-6041209","Image","job-edtech.jpg","BwC9nFCXS4u8f0-paeU5YA","https://starter-verticals-2.sitecoresandbox.cloud/api/public/content/cea92715023d494f94d5da7cd9b2567e","112600"
"/sitecore/content/recruitment/recruitment/Home/job/research-director-quantitative-6041203","Image","job-edtech.jpg","BwC9nFCXS4u8f0-paeU5YA","https://starter-verticals-2.sitecoresandbox.cloud/api/public/content/cea92715023d494f94d5da7cd9b2567e","112600"
"/sitecore/content/recruitment/recruitment/Home/job/senior-consultant-healthcare-6041194","Image","job-edtech.jpg","BwC9nFCXS4u8f0-paeU5YA","https://starter-verticals-2.sitecoresandbox.cloud/api/public/content/cea92715023d494f94d5da7cd9b2567e","112600"
"/sitecore/content/recruitment/recruitment/Home/job/data-automation-manager-6041188","Image","job-edtech.jpg","BwC9nFCXS4u8f0-paeU5YA","https://starter-verticals-2.sitecoresandbox.cloud/api/public/content/cea92715023d494f94d5da7cd9b2567e","112600"
"/sitecore/content/recruitment/recruitment/Home/job/research-and-impact-manager-6041175","Image","job-edtech.jpg","BwC9nFCXS4u8f0-paeU5YA","https://starter-verticals-2.sitecoresandbox.cloud/api/public/content/cea92715023d494f94d5da7cd9b2567e","112600"
"/sitecore/content/recruitment/recruitment/Home/job/data-analyst-digital-analytics-6041147","Image","job-edtech.jpg","BwC9nFCXS4u8f0-paeU5YA","https://starter-verticals-2.sitecoresandbox.cloud/api/public/content/cea92715023d494f94d5da7cd9b2567e","112600"
"/sitecore/content/recruitment/recruitment/Home/consultants/amy-kirby","Image","consultant-amy-kirby.jpg","GzdcZAGTTj6Os4IOW26_rg","https://starter-verticals-2.sitecoresandbox.cloud/api/public/content/ba010c57de124ed6900c61350bf972b9","112600"
"/sitecore/content/recruitment/recruitment/Home/consultants/becca-kitchen","Image","consultant-becca-kitchen.png","eckCdQc3SpahRazaCxxEOA","https://starter-verticals-2.sitecoresandbox.cloud/api/public/content/c37c468febe344ba8a7e34fb4552cec7","112600"
"/sitecore/content/recruitment/recruitment/Home/consultants/david-schofield","Image","consultant-david-schofield.png","6cBVrwj3S0Os7yjEV6Elgw","https://starter-verticals-2.sitecoresandbox.cloud/api/public/content/3f8ed46dc7bc4ab98d000ff7c1f6e9ec","112600"
"/sitecore/content/recruitment/recruitment/Home/consultants/destiny-owoloko","Image","consultant-destiny-owoloko.png","HK67jNXqSNmYlL4MpnXIXg","https://starter-verticals-2.sitecoresandbox.cloud/api/public/content/aee5bb5880ae45ecbc311477f1c62d2e","112600"
"/sitecore/content/recruitment/recruitment/Home/consultants/ian-payne","Image","consultant-ian-payne.jpg","46EF-gc4SnKL4PRoCt1ORg","https://starter-verticals-2.sitecoresandbox.cloud/api/public/content/018ea43db2e34c9fb1ff1b682ea48fe8","112600"
"/sitecore/content/recruitment/recruitment/Home/consultants/katie-holmes","Image","consultant-katie-holmes.jpg","fH1LVfibTRScEfjgYWLYbQ","https://starter-verticals-2.sitecoresandbox.cloud/api/public/content/b7345194c63949bfb7969af21f0e09c3","112600"
"/sitecore/content/recruitment/recruitment/Home/consultants/kayleigh-granger","Image","consultant-kayleigh-granger.jpg","vnC-aHsGS2OKEw9csUIrxA","https://starter-verticals-2.sitecoresandbox.cloud/api/public/content/45d0246a023d4752827973a8c027d3ef","112600"
"/sitecore/content/recruitment/recruitment/Home/consultants/lauren-james","Image","consultant-lauren-james.jpg","-SdgfLOCT-K1beRpYuYEpQ","https://starter-verticals-2.sitecoresandbox.cloud/api/public/content/7cc286f928584d89aa22756ce46890af","112600"
"/sitecore/content/recruitment/recruitment/Home/consultants/mat-law","Image","consultant-mat-law.png","fSLny5cnQaCaWIfy5vRpng","https://starter-verticals-2.sitecoresandbox.cloud/api/public/content/4cc4cf2f8c164224927188d31d22b3ac","112600"
"/sitecore/content/recruitment/recruitment/Home/consultants/max-tullis-turner","Image","consultant-max-tullis-turner.png","9-a5qZAqSquDVa2e0HuNLQ","https://starter-verticals-2.sitecoresandbox.cloud/api/public/content/9fcfb2eec2a9449dad1c5f2bd03b42b3","112600"
"/sitecore/content/recruitment/recruitment/Home/consultants/meg-rayner","Image","consultant-meg-rayner.jpg","u_EY7jvWQj2MgSxUFXxxXQ","https://starter-verticals-2.sitecoresandbox.cloud/api/public/content/a82eb765ddbe4bcc9457daeff390e3ef","112600"
"/sitecore/content/recruitment/recruitment/Home/consultants/rachel-trevillion","Image","consultant-rachel-trevillion.jpg","HxSYsY9YRqaho3DQis0ZCA","https://starter-verticals-2.sitecoresandbox.cloud/api/public/content/422b5322a10d4d1a891c3411ca436e8c","112600"
"/sitecore/content/recruitment/recruitment/Home/consultants/terry-payne","Image","consultant-terry-payne.png","jkislVorQX2Aazs16syHuw","https://starter-verticals-2.sitecoresandbox.cloud/api/public/content/35d0e510107c40ad9617bd5143544541","112600"
"/sitecore/content/recruitment/recruitment/Home/consultants/andrea-robinson","Image","consultant-andrea-robinson.png","qUljkxG5TValOROe5v-czQ","https://starter-verticals-2.sitecoresandbox.cloud/api/public/content/1326112eaad149558559b2815f1141e5","112600"
"/sitecore/content/recruitment/recruitment/Home/consultants/charlotte-heard","Image","consultant-charlotte-heard.png","XlNasUn6S6eVGu9zGn9sSQ","https://starter-verticals-2.sitecoresandbox.cloud/api/public/content/99dc15b0a75d4e2793a9a7652f3dd581","112600"
"/sitecore/content/recruitment/recruitment/Home/consultants/tommy-styles","Image","consultant-tommy-styles.png","PzC2cPtfS_OCbx9sWOg5MA","https://starter-verticals-2.sitecoresandbox.cloud/api/public/content/9fc10bb9feb8404eae203e816c7d2924","112600"
