"Route","PagePath","Template","Nav","PrimaryRenderings","Image"
"/","/sitecore/content/recruitment/recruitment/Home","Page","primary","AspireHeader; HomeBanner; AspirePromo; AspireFooter","Data/HomeBanner Image = hero-office.jpg"
"/candidates","/sitecore/content/recruitment/recruitment/Home/candidates","Page","primary","AspireHeader; CandidatesPage; AspireFooter",""
"/jobs","/sitecore/content/recruitment/recruitment/Home/jobs","Page","primary","AspireHeader; JobSearch; AspireFooter","Job cards use catalogue DAM stills"
"/jobs?query=&selected_locations=","/sitecore/content/recruitment/recruitment/Home/jobs","Page","primary","JobSearch","Same item; query string filters the catalogue"
"/job/account-executive-edtech-6039269","/sitecore/content/recruitment/recruitment/Home/job/account-executive-edtech-6039269","Job","hidden","AspireHeader; JobPage; AspireFooter","Job Image = job-edtech.jpg"
"/consultants","/sitecore/content/recruitment/recruitment/Home/consultants","Page","primary","AspireHeader; ConsultantList; AspireFooter","Portraits from catalogue DAM"
"/consultants/ian-payne","/sitecore/content/recruitment/recruitment/Home/consultants/ian-payne","Consultant","hidden","AspireHeader; ConsultantPage; AspireFooter","Consultant Image = consultant-ian.jpg"
"/employers","/sitecore/content/recruitment/recruitment/Home/employers","Page","primary","AspireHeader; EmployersPage; AspireFooter",""
"/insights","/sitecore/content/recruitment/recruitment/Home/insights","Page","primary","AspireHeader; InsightsPage; AspireFooter",""
"/blog","/sitecore/content/recruitment/recruitment/Home/blog","Page","primary","AspireHeader; BlogList; AspireFooter","Article thumbs from catalogue DAM"
"/blog/2026/07/the-counter-offer-crisis-how-to-secure-your-ideal-candidate","/sitecore/content/recruitment/recruitment/Home/blog/2026/07/the-counter-offer-crisis-how-to-secure-your-ideal-candidate","Article","hidden","AspireHeader; ArticlePage; AspireFooter","Article Image = article-counter-offer.jpg"
"/branches/London","/sitecore/content/recruitment/recruitment/Home/branches/London","Branch","hidden","AspireHeader; BranchPage; AspireFooter","Branch Image = london-office.jpg"
"/job/senior-designer-6042762","/sitecore/content/recruitment/recruitment/Home/job/senior-designer-6042762","Job","hidden","Job page design","Job Image = job-senior-designer-6042762.png"
"/job/senior-manager-demand-generation-6042692","/sitecore/content/recruitment/recruitment/Home/job/senior-manager-demand-generation-6042692","Job","hidden","Job page design","Job Image = job-marketplace.jpg"
"/job/account-executive-6042661","/sitecore/content/recruitment/recruitment/Home/job/account-executive-6042661","Job","hidden","Job page design","Job Image = job-senior-designer-6042762.png"
"/job/consultant-healthcare-6041568","/sitecore/content/recruitment/recruitment/Home/job/consultant-healthcare-6041568","Job","hidden","Job page design","Job Image = job-edtech.jpg"
"/job/project-manager-mixed-methods-6041567","/sitecore/content/recruitment/recruitment/Home/job/project-manager-mixed-methods-6041567","Job","hidden","Job page design","Job Image = job-edtech.jpg"
"/job/business-development-manager-6041265","/sitecore/content/recruitment/recruitment/Home/job/business-development-manager-6041265","Job","hidden","Job page design","Job Image = job-edtech.jpg"
"/job/senior-research-executive-healthcare-6041264","/sitecore/content/recruitment/recruitment/Home/job/senior-research-executive-healthcare-6041264","Job","hidden","Job page design","Job Image = job-edtech.jpg"
"/job/data-engineer-6041263","/sitecore/content/recruitment/recruitment/Home/job/data-engineer-6041263","Job","hidden","Job page design","Job Image = job-edtech.jpg"
"/job/research-and-insight-lead-client-side-6041261","/sitecore/content/recruitment/recruitment/Home/job/research-and-insight-lead-client-side-6041261","Job","hidden","Job page design","Job Image = job-edtech.jpg"
"/job/commercial-account-manager-6041252","/sitecore/content/recruitment/recruitment/Home/job/commercial-account-manager-6041252","Job","hidden","Job page design","Job Image = job-edtech.jpg"
"/job/research-director-higher-education-6041251","/sitecore/content/recruitment/recruitment/Home/job/research-director-higher-education-6041251","Job","hidden","Job page design","Job Image = job-edtech.jpg"
"/job/research-manager-quantitative-6041228","/sitecore/content/recruitment/recruitment/Home/job/research-manager-quantitative-6041228","Job","hidden","Job page design","Job Image = job-edtech.jpg"
"/job/account-executive-6041216","/sitecore/content/recruitment/recruitment/Home/job/account-executive-6041216","Job","hidden","Job page design","Job Image = job-edtech.jpg"
"/job/research-executive-healthcare-quantitative-6041212","/sitecore/content/recruitment/recruitment/Home/job/research-executive-healthcare-quantitative-6041212","Job","hidden","Job page design","Job Image = job-edtech.jpg"
"/job/senior-research-manager-healthcare-6041209","/sitecore/content/recruitment/recruitment/Home/job/senior-research-manager-healthcare-6041209","Job","hidden","Job page design","Job Image = job-edtech.jpg"
"/job/research-director-quantitative-6041203","/sitecore/content/recruitment/recruitment/Home/job/research-director-quantitative-6041203","Job","hidden","Job page design","Job Image = job-edtech.jpg"
"/job/senior-consultant-healthcare-6041194","/sitecore/content/recruitment/recruitment/Home/job/senior-consultant-healthcare-6041194","Job","hidden","Job page design","Job Image = job-edtech.jpg"
"/job/data-automation-manager-6041188","/sitecore/content/recruitment/recruitment/Home/job/data-automation-manager-6041188","Job","hidden","Job page design","Job Image = job-edtech.jpg"
"/job/research-and-impact-manager-6041175","/sitecore/content/recruitment/recruitment/Home/job/research-and-impact-manager-6041175","Job","hidden","Job page design","Job Image = job-edtech.jpg"
"/job/data-analyst-digital-analytics-6041147","/sitecore/content/recruitment/recruitment/Home/job/data-analyst-digital-analytics-6041147","Job","hidden","Job page design","Job Image = job-edtech.jpg"
"/consultants/david-schofield","/sitecore/content/recruitment/recruitment/Home/consultants/david-schofield","Consultant","hidden","Consultant page design","Consultant Image = consultant-david-schofield.png"
"/consultants/katie-holmes","/sitecore/content/recruitment/recruitment/Home/consultants/katie-holmes","Consultant","hidden","Consultant page design","Consultant Image = consultant-katie-holmes.jpg"
"/consultants/kayleigh-granger","/sitecore/content/recruitment/recruitment/Home/consultants/kayleigh-granger","Consultant","hidden","Consultant page design","Consultant Image = consultant-kayleigh-granger.jpg"
"/consultants/max-tullis-turner","/sitecore/content/recruitment/recruitment/Home/consultants/max-tullis-turner","Consultant","hidden","Consultant page design","Consultant Image = consultant-max-tullis-turner.png"
"/consultants/terry-payne","/sitecore/content/recruitment/recruitment/Home/consultants/terry-payne","Consultant","hidden","Consultant page design","Consultant Image = consultant-terry-payne.png"
"/consultants/andrea-robinson","/sitecore/content/recruitment/recruitment/Home/consultants/andrea-robinson","Consultant","hidden","Consultant page design","Consultant Image = consultant-andrea-robinson.png"
"/consultants/charlotte-heard","/sitecore/content/recruitment/recruitment/Home/consultants/charlotte-heard","Consultant","hidden","Consultant page design","Consultant Image = consultant-charlotte-heard.png"
