"Component","Src","JSONRendering","RenderingId","Placeholder","KeyFields","Notes"
"AspireHeader","src/components/aspire-header/AspireHeader.tsx","yes","4ec10001-1111-4000-8000-000000000001","headless-header","phones; menu; mini search","Search GET /jobs?query=&selected_locations="
"AspireFooter","src/components/aspire-footer/AspireFooter.tsx","yes","4ec10001-1111-4000-8000-000000000002","headless-footer","offices",""
"HomeBanner","src/components/home-banner/HomeBanner.tsx","yes","4ec10001-1111-4000-8000-000000000003","headless-main","Eyebrow; Heading; Intro; Image","Image = DAM hero-office.jpg brand 112600"
"AspirePromo","src/components/aspire-promo/AspirePromo.tsx","yes","4ec10001-1111-4000-8000-000000000004","headless-main","Heading; Body; LinkLabel; Image","Image = DAM promo-partnership.jpg"
"JobSearch","src/components/job-search/JobSearch.tsx","yes","4ec10001-1111-4000-8000-000000000005","headless-main","Heading","Filters catalogue; card images are DAM"
"JobPage","src/components/job-page/JobPage.tsx","yes","4ec10001-1111-4000-8000-000000000006","headless-main","Title; Location; Salary; JobType; Summary; Body; Reference; Image","Datasource is the job item"
"ConsultantPage","src/components/consultant-page/ConsultantPage.tsx","yes","4ec10001-1111-4000-8000-000000000007","headless-main","Title; Role; Phone; Email; Location; Bio; Image","Default export is the profile"
"ArticlePage","src/components/article-page/ArticlePage.tsx","yes","4ec10001-1111-4000-8000-000000000008","headless-main","Title; Kicker; Author; Date; Summary; Body; Image","Default export is the article"
"BranchPage","src/components/branch-page/BranchPage.tsx","yes","4ec10001-1111-4000-8000-000000000009","headless-main","Title; Phone; Address; Body; Image",""
"CandidatesPage","src/components/candidates-page/CandidatesPage.tsx","yes","4ec10001-1111-4000-8000-00000000000a","headless-main","Heading; Intro",""
"EmployersPage","src/components/employers-page/EmployersPage.tsx","yes","4ec10001-1111-4000-8000-00000000000b","headless-main","Heading; Intro",""
"InsightsPage","src/components/insights-page/InsightsPage.tsx","yes","4ec10001-1111-4000-8000-00000000000c","headless-main","Heading; Intro",""
"BlogList","src/components/blog-list/BlogList.tsx","yes","4ec10001-1111-4000-8000-00000000000d","headless-main","","Re-exports ArticlePage List"
"ConsultantList","src/components/consultant-list/ConsultantList.tsx","yes","4ec10001-1111-4000-8000-00000000000e","headless-main","","Re-exports ConsultantPage List"
"AiChatbot","src/components/ai-chatbot/AiChatbot.tsx","no","","_app.tsx","","Mounted on every page"
"CdpProfileShell","src/components/cdp-profile-panel/CdpProfileShell.tsx","no","","_app.tsx","","Customer profile drawer"
