"LocalFile","SourceUrl","Purpose","SitecoreItemPath","FieldName"
"pm-logo.png","https://www.pinsentmasons.com/-/media/images/logo/eps_pm-colour-logo_rgb_mobius-302x302.png","Header/Footer logo","/sitecore/content/legal/legal/Data/Headers/Main Header|/sitecore/content/legal/legal/Data/Footers/Main Footer","Logo"
"pm-hero-slide-1.jpg","https://www.pinsentmasons.com/-/media/images/homepage-redesign/hero/hero-slide-1.jpg","Home hero","/sitecore/content/legal/legal/Data/Hero Banners/Home Hero","Image"
"pm-expertise.png","https://www.pinsentmasons.com/-/media/images/homepage-redesign/expertise/2212066---expertise---1920x1080.png","Expertise promo","/sitecore/content/legal/legal/Data/Promos/Expertise","PromoImageOne"
"pm-sectors.jpg","https://www.pinsentmasons.com/-/media/images/homepage-redesign/expertise/sectors/2188806---homepage-sectors---initial-view.jpg","Thinking / sectors promo","/sitecore/content/legal/legal/Data/Promos/Thinking","PromoImageOne"
"dawn-allen.png","https://www.pinsentmasons.com/-/media/images/profile/d/dawn-allen.png","Dawn Allen profile","/sitecore/content/legal/legal/Home/people/dawn-allen","Photo"
"bill-ryan.png","https://www.pinsentmasons.com/-/media/images/profile/r/ryan-bill.png","Bill Ryan profile","/sitecore/content/legal/legal/Home/people/bill-ryan","Photo"
"barry-mccaig.png","https://www.pinsentmasons.com/-/media/images/profile/b/barry-mccaig.png","Barry McCaig profile","/sitecore/content/legal/legal/Home/people/barry-mccaig","Photo"
"bryn-reynolds.png","https://www.pinsentmasons.com/-/media/images/profile/b/bryn-reynolds.png","Bryn Reynolds profile","/sitecore/content/legal/legal/Home/people/bryn-reynolds","Photo"
"ben-mckinley.png","https://www.pinsentmasons.com/-/media/images/profile/b/ben-mckinley.png","Ben McKinley profile","/sitecore/content/legal/legal/Home/people/ben-mckinley","Photo"
