"LocalFile","ContentHubAssetId","DamId","PublicLinkId","PublicUrl","RelativeUrl","ImageFieldXml","Brand","AssetType","UsageTag","MetadataStatus"
"dawn-allen.png","107207","mAg0RiGGSfO2ePXMddiOLg","107209","https://starter-verticals-2.sitecoresandbox.cloud/api/public/content/fc4540fa91034385b4f8b29267943322","fc4540fa91034385b4f8b29267943322",,"PinsentMason","Social Media Asset","Used in CMS","Applied"
"pm-careers.jpg","107261","3cugQ5XmSS6J-v6uLgei9g","107263","https://starter-verticals-2.sitecoresandbox.cloud/api/public/content/a3f0831c9cd6400d956dfeab65f4c5d2","a3f0831c9cd6400d956dfeab65f4c5d2",,"PinsentMason","Social Media Asset","Used in CMS","Applied"
"pm-expertise.png","107186","PAvvLjH0TFG-lDNfu2nvbQ","107192","https://starter-verticals-2.sitecoresandbox.cloud/api/public/content/9d681ff287d346a894e5f5a6d4e240c1","9d681ff287d346a894e5f5a6d4e240c1",,"PinsentMason","Social Media Asset","Used in CMS","Applied"
"pm-hero-slide-1.jpg","107177","h8SATCkoQnGIDHEzBe9Kzw","107179","https://starter-verticals-2.sitecoresandbox.cloud/api/public/content/615fe3f4a597485eafda2dfbd44565eb","615fe3f4a597485eafda2dfbd44565eb",,"PinsentMason","Social Media Asset","Used in CMS","Applied"
"pm-locations.jpg","107279","y3G7tfxaS7SXh4iLRiUVsQ","107281","https://starter-verticals-2.sitecoresandbox.cloud/api/public/content/25992a233faf40be9cb23e2f6b7843ef","25992a233faf40be9cb23e2f6b7843ef",,"PinsentMason","Social Media Asset","Used in CMS","Applied"
"pm-logo.png","107170","zERKocmyRYWZzEKMO-Qmyg","107172","https://starter-verticals-2.sitecoresandbox.cloud/api/public/content/6f90694292a94601ad4fc05eb82ac516","6f90694292a94601ad4fc05eb82ac516",,"PinsentMason","Social Media Asset","Used in CMS","Applied"
"pm-newsletter.jpg","107290","y_MzwVA3TFuEQV7v0QNy0g","107292","https://starter-verticals-2.sitecoresandbox.cloud/api/public/content/a72908ec4b9f4a67a1854207837c0322","a72908ec4b9f4a67a1854207837c0322",,"PinsentMason","Social Media Asset","Used in CMS","Applied"
"pm-sectors.jpg","107196","LhH0hyAbSA2S58sbfTQx2A","107201","https://starter-verticals-2.sitecoresandbox.cloud/api/public/content/bc3ab4586dd340b6b6fe7703e1fca5c8","bc3ab4586dd340b6b6fe7703e1fca5c8",,"PinsentMason","Social Media Asset","Used in CMS","Applied"
"pm-services.jpg","107268","H8THBvxEREaKZhvC7Cnc8g","107270","https://starter-verticals-2.sitecoresandbox.cloud/api/public/content/4a245977b62b4cfd88280461582d87dc","4a245977b62b4cfd88280461582d87dc",,"PinsentMason","Social Media Asset","Used in CMS","Applied"
